url,reference
http://www.davemurphyband.com/gallery/1185088993_1.jpg,n03273551_5755
http://farm1.static.flickr.com/160/420012905_c01c859a29.jpg,n03273551_5894
http://farm3.static.flickr.com/2131/2115062910_64a0364581.jpg,n03273551_7076
http://upload.wikimedia.org/wikipedia/commons/thumb/0/0b/BarbaraDennerlein.jpg/350px-BarbaraDennerlein.jpg,n03273551_14037
http://lh5.ggpht.com/_RjEKbo0OXP4/SE97o4gC5PI/AAAAAAAAAMo/yrkfGp1d3jg/B3-80512manuali.JPG,n03273551_15410
http://static.flickr.com/92/273705503_76e014c65c.jpg,n03273551_20989
http://i71.twenga.com/7/tp/29/41/115222941.png,n03273551_22427
http://www.nodar.com/hammond/images/b3.jpg,n03273551_22878
http://www.toorganclub.com/images/mel/MELANIE_BARNEY_HAMMONDl.jpg,n03273551_2800
http://static.flickr.com/230/463409386_a5aecacb83.jpg,n03273551_5578
http://www.classicorgan.com/organs/Hammond/images/NewB3.jpg,n03273551_7233
http://www.mikekeeler.com/images/hammond.jpg,n03273551_21662
http://farm1.static.flickr.com/172/375242156_ef0c41fffc.jpg,n03273551_21861
http://sparebricks.fika.org/sbzine28/images/hammond.jpg,n03273551_11292
http://farm4.static.flickr.com/3050/2542337361_56ec570540.jpg,n03273551_13244
http://farm3.static.flickr.com/2022/2247887970_8d98ffddd3.jpg,n03273551_15913
http://www.jrjunction.com/images/IMAGE005.jpg,n03273551_18241
http://www.atmusicsrl.com/public/files/products/CLP-115_m.jpg,n03273551_24617
http://www.theyoungers.com/gallery/cashcabin/James%20Hammond%20Organ%202%20web.jpg,n03273551_2554
http://farm4.static.flickr.com/3091/2294378746_0cf5380580.jpg,n03273551_3480
http://static.flickr.com/217/521449917_a55ec92da5.jpg,n03273551_6626
http://farm2.static.flickr.com/1099/1268590588_593c29a221.jpg,n03273551_7115
http://www.hammond-organ.com/sales/images/HammondX5_3.jpg,n03273551_7824
http://static.flickr.com/45/120876354_214e3c2cb9.jpg,n03273551_8935
http://farm1.static.flickr.com/127/422730557_68697dc7e1.jpg,n03273551_9961
http://img.subito.it/images/12/1216523854.jpg,n03273551_12597
http://www.alphaentek.com/images%5Ck34.jpg,n03273551_15348
http://farm3.static.flickr.com/2028/2326819788_e42f53f4a0.jpg,n03273551_19853
http://www.showmethat.com/images/PICT0009small.jpg,n03273551_23060
http://img87.imageshack.us/img87/696/mcgriffvc3.jpg,n03273551_24519
http://www.ideasuono.it/web/wp-gallery/pellegrini/Hammond-Lato.jpg,n03273551_25882
http://lh4.ggpht.com/_SQOIQyRhTn4/SGB5mu05xhI/AAAAAAAAA1c/2FHTKJLdEy4/IMG_2410.JPG,n03273551_26904
http://www.postboxmusic.net/images/homepage.jpg,n03273551_27090
http://www.mercatinomusicale.com/allegati/706003.jpg,n03273551_6675
http://farm3.static.flickr.com/2225/1759815934_ef64a3e9fe.jpg,n03273551_11853
http://farm1.static.flickr.com/50/149803972_0adc6e8f1e.jpg,n03273551_14498
http://farm4.static.flickr.com/3031/2461855968_638d695c55.jpg,n03273551_14625
http://www.restaurarmonium.it/restauri/immrestauri/immceretti/CERarmceraperto.gif,n03273551_15813
http://www.ultraelectronicactive.com/Media/Equip/HammondChord-Organ.jpg,n03273551_21912
http://www.dv247.com/assets/products/28553_m.jpg,n03273551_3600
http://farm1.static.flickr.com/110/368080113_4b297ab570.jpg,n03273551_5607
http://vintageorgans.com/hammond/rt3-hou-2/3.jpg,n03273551_6138
http://www.jimlaabs.com/ProdImages/organ-hammond-xl-172asm.jpg,n03273551_7451
http://farm1.static.flickr.com/157/358823588_0c3350c68e.jpg,n03273551_9764
http://farm1.static.flickr.com/118/305566985_1e1ff5d6df.jpg,n03273551_12943
http://farm4.static.flickr.com/3090/2631501078_037fe24664.jpg,n03273551_14165
http://farm2.static.flickr.com/1173/1394937070_7e76f00966.jpg,n03273551_16130
http://www.jobless-recovery.com/photos/images/recording_20050611/Keith_playing_organ.jpg,n03273551_16815
http://www.blauser.com/imagenes/foto_hy350.gif,n03273551_25335
http://farm3.static.flickr.com/2011/2193461796_b31bdbf184.jpg,n03273551_26996
http://static.flickr.com/2120/2061764823_64c87441d4.jpg,n03273551_5150
http://farm1.static.flickr.com/23/34475640_0da387eb15.jpg,n03273551_13153
http://www.nycfarmboy.com/rt3/rt4.jpg,n03273551_13973
http://www.circolovecchiaquercia.it/images/p029_1_00.jpg,n03273551_19373
http://www.mercatinomusicale.com/img/cat_small/cat6.jpg,n03273551_22369
http://farm1.static.flickr.com/121/302050870_20e27c5423.jpg,n03273551_6042
http://farm3.static.flickr.com/2326/2658573078_60ff23da25.jpg,n03273551_14074
http://home.nycap.rr.com/biesele/HOFP30_500.jpg,n03273551_19787
http://www.strumentimusicali.net/images/AHLBORN_preludium3.jpg,n03273551_25184
http://farm1.static.flickr.com/169/380173431_8f8028fefa.jpg,n03273551_25384
http://www.hammond.de/images/hammond-m100-mit-wahlschalter.jpg,n03273551_442
http://farm3.static.flickr.com/2053/2046859451_0032ff0053.jpg,n03273551_1890
http://farm1.static.flickr.com/180/406602503_2c40171675.jpg,n03273551_5770
http://theatreorgans.com/hammond/dutchhammondsite/pictures/models/xb1.jpg,n03273551_5869
http://farm1.static.flickr.com/53/141366876_698145c698.jpg,n03273551_8884
http://static.flickr.com/2234/2317157448_efebc437bd.jpg,n03273551_13412
http://cc.ysu.edu/~dmsewell/hamlogo.jpg,n03273551_20252
http://a1.vox.com/6a00cdf7f238b8094f00d10a7bd3f98bfa-200pi,n03273551_21829
http://www.celestialsounds.net/images/hammond.gif,n03273551_25591
http://www.jimlaabs.com/ProdImages/used-piano-organ-hammondaurorasm.jpg,n03273551_2343
http://farm1.static.flickr.com/172/457601391_e4a93662f9.jpg,n03273551_5199
http://farm1.static.flickr.com/190/492834592_e8af1950ec.jpg,n03273551_5575
http://www.song-haven.com/images/studio/b3-dx7.jpg,n03273551_11693
http://www.trifectapress.com/gordon/images/recording/organ4.jpg,n03273551_18593
http://farm4.static.flickr.com/3053/2622870263_a19e32704d.jpg,n03273551_21121
http://farm3.static.flickr.com/2357/2386493100_b78249e28b.jpg,n03273551_762
http://farm1.static.flickr.com/187/414232792_de8949d948.jpg,n03273551_1564
http://farm4.static.flickr.com/3271/2766427178_86aa6ce0f8.jpg,n03273551_5884
http://static.flickr.com/2024/2167659012_fe65e3420a.jpg,n03273551_9177
http://www.6cuerdas.com/Violas/teclas/Hammond_organ_1950_M2.jpg,n03273551_12884
http://static.flickr.com/253/521449911_f30038b97d.jpg,n03273551_15842
http://www.stevehallmusic.com/webpageimages/stevehalllogo.jpg,n03273551_19301
http://www.fenderrhodes.com/img/models/mark2/rhodes54.jpg,n03273551_23419
http://www.ericklopp.com/mt/ekblog/archives/hammond01.jpg,n03273551_26547
http://www.vintagekeyboardsounds.com/images/B3.jpg,n03273551_26562
http://static.flickr.com/40/81053333_ed3e86998e.jpg,n03273551_27204
http://www.dragonjazz.com/organ/hammond.jpg,n03273551_29232
http://farm1.static.flickr.com/40/81055463_4f0bef4d2d.jpg,n03273551_2174
http://www.bcorganandservice.com/images/organ_B2.jpg,n03273551_10193
http://www.organstop.com/images/HammondCommodore.JPG,n03273551_12053
http://www.gravespianos.com/organ/hammondb3.jpg,n03273551_14344
http://pages.infinit.net/yumbambe/jpegs/B3_85057/Organ_Leslie.jpg,n03273551_17569
http://www.goffprof.com/images/products/219/219_1_sml.jpg,n03273551_21519
http://farm3.static.flickr.com/2309/2468483738_ef0ab173df.jpg,n03273551_2513
http://www.netunes.com/images/mars-stuart.jpg,n03273551_5824
http://mkp.net/~mkp/organ/hammond.jpg,n03273551_12409
http://www.sosproductions.com/images/hammondorgan1.5.jpg,n03273551_14957
http://farm3.static.flickr.com/2278/2085986366_17bbbef9a0.jpg,n03273551_15757
http://www.cameratim.com/reviews/audio/technics-sx-u90-organ/images-big/technics-sx-u90-organ-full-console-view-against-blue-curtains-photo-881.jpeg,n03273551_15761
http://www.opost.com/dlm/img/r360-1.jpg,n03273551_16003
http://www.mercatinomusicale.com/allegati_small/860718.jpg,n03273551_21539
http://evolution-control.com/trademarkg/images/Travel%20-%20Tours%20-%20Vacations%20-%20Festivals/Museum%20of%20Making%20Music/thumbs/1938%20Hammond%20BC%20Organ.jpg,n03273551_23626
http://farm1.static.flickr.com/37/81066675_efb617a3a5.jpg,n03273551_2925
http://i23.ebayimg.com/01/i/000/9b/ca/efca_2.JPG,n03273551_3985
http://www.jayschurch.com/organ/DSC09970_small.jpg,n03273551_7193
http://www.jimlaabs.com/ProdImages/organ-hammond-305asm.jpg,n03273551_16719
http://farm4.static.flickr.com/3140/2293587955_a604e3d749.jpg,n03273551_23421
http://www.fcclw.org/images/organ.jpg,n03273551_23482
http://www.hammond.com.br/hammond/jos/organ.jpg,n03273551_13026
http://www.hammondhire.com/gallery/images/3CD8BC71-1143-369D-C4557043B1521589.jpg,n03273551_13880
http://static.flickr.com/172/375242156_ef0c41fffc.jpg,n03273551_14466
http://farm1.static.flickr.com/37/81056123_ab1358ac54.jpg,n03273551_17219
http://paris.campusanuncios.com/picanuncio/venta/venta635954795.JPG,n03273551_19055
http://farm3.static.flickr.com/2392/1777291051_e3da65e220.jpg,n03273551_25217
http://farm4.static.flickr.com/3036/2345723651_a0fcaa3e24.jpg,n03273551_6441
http://farm3.static.flickr.com/2234/2114284893_08e29f46ba.jpg,n03273551_16229
http://farm4.static.flickr.com/3264/2534898969_da1eb58636.jpg,n03273551_16421
http://www.pianooutlet.net/organs/used-organ7.jpg,n03273551_21778
http://www.ideasuono.it/web/wp-gallery/pellegrini/HammondUP.jpg,n03273551_25176
http://farm4.static.flickr.com/3075/2316326401_8c6d565229.jpg,n03273551_27463
http://farm1.static.flickr.com/24/53721112_b32493492d.jpg,n03273551_1895
http://farm4.static.flickr.com/3020/2544672587_2744faa193.jpg,n03273551_22676
http://www.keyboardexchange.com/video/blazing.jpg,n03273551_27442
http://static.flickr.com/3169/2317149236_b0dff19d27.jpg,n03273551_837
http://farm1.static.flickr.com/45/120876354_214e3c2cb9.jpg,n03273551_1717
http://www.jessedeanefreeman.com/00024.jpg,n03273551_4315
http://farm3.static.flickr.com/2268/2101921350_b9e063c2a8.jpg,n03273551_6176
http://farm1.static.flickr.com/48/176254349_c9c7a99e99.jpg,n03273551_9771
http://farm3.static.flickr.com/2033/2294378910_f4abb0895b.jpg,n03273551_24134
http://www.phillipislandjazzfest.org.au/images/Nicole%20Thorne.jpg,n03273551_27972
http://farm3.static.flickr.com/2416/2139893360_81a8a4fa60.jpg,n03273551_1783
http://www.csulb.edu/~djacques/images/1956%20Hammond%20B3%20Organ%20003.jpg,n03273551_2289
http://mkp.net/~mkp/organ/tn/31h-2.jpg,n03273551_2663
http://www.organtone.com/picroad/SconeRoadPhotos/hammondstoreorgan.jpg,n03273551_5559
http://farm3.static.flickr.com/2380/2211583373_743f47fb2a.jpg,n03273551_6002
http://www.sound-management.com/images/hammond.jpg,n03273551_7384
http://www.indyguitar.com/robhammond.jpg,n03273551_9030
http://farm4.static.flickr.com/3145/2575393866_e8ce559d2c.jpg,n03273551_16354
http://www.mcnsystems.com/b31.jpg,n03273551_17416
http://ecx.images-amazon.com/images/I/41oJPxDwbyL._SL500_AA240_.jpg,n03273551_20801
http://cc.ysu.edu/~dmsewell/a105c.jpg,n03273551_27541
http://static.flickr.com/99/302050727_777d6159b0.jpg,n03273551_1629
http://www.317x.com/albums/w/chriswaxman/enlargement.jpg,n03273551_1840
http://farm2.static.flickr.com/1223/1055054450_dfbd1e5593.jpg,n03273551_4390
http://farm3.static.flickr.com/2104/2184400404_3cb5e7cd6a.jpg,n03273551_16113
http://farm1.static.flickr.com/134/372117455_4ff3e45aa0.jpg,n03273551_16842
http://www.hammond.de/images/hammond-xk-2-organ-gebrauchtliste.jpg,n03273551_17114
http://farm4.static.flickr.com/3080/2709979103_66231600b4.jpg,n03273551_17894
http://www.hatmusic.co.uk/thumbnails_music_events/crawleyff2005/images/Tom%20Arnold%20on%20the%20Hammond%20Organ.jpg,n03273551_18135
http://www.woodstockpianoandmusic.com/images/Baldwinthmb.jpg,n03273551_27900
http://farm4.static.flickr.com/3161/2640558029_a6e26abdc1.jpg,n03273551_5654
http://static.flickr.com/2185/2152512515_50f873b1e8.jpg,n03273551_19070
http://static.flickr.com/2321/2192673805_e09152fbc4.jpg,n03273551_22830
http://static.flickr.com/3025/2385675345_f160563797.jpg,n03273551_2470
http://www.hammond.at/images/m-44.jpg,n03273551_11185
http://farm1.static.flickr.com/25/42490983_4d850a327a.jpg,n03273551_12150
http://static.flickr.com/186/423429049_7a9d5352fc.jpg,n03273551_13020
http://farm1.static.flickr.com/253/514554656_0ef00f4233.jpg,n03273551_14451
http://members.aol.com/fixitbos/my/customgospel.jpg,n03273551_28964
http://www.academystudio.co.uk/gifs/b3122.gif,n03273551_856
http://static.flickr.com/2321/2065650138_6040b4884b.jpg,n03273551_2608
http://www.urbanmusic.com/M-111.jpg,n03273551_3700
http://farm4.static.flickr.com/3122/2403601443_fdff9b5fa9.jpg,n03273551_9612
http://www.classicorgan.com/organs/Hammond/images/A305.jpg,n03273551_12261
http://static.flickr.com/40/81055463_4f0bef4d2d.jpg,n03273551_13628
http://www.mesquitenazarene.com/images/6141/organ.jpg,n03273551_14314
http://farm4.static.flickr.com/3147/2317121884_c1c1b700da.jpg,n03273551_19513
http://www2.sdcounty.ca.gov/hhsa/auctionImages/100_2242.JPG,n03273551_25604
http://www.urbanmusic.com/X-77.jpg,n03273551_26411
http://members.tripod.com/annrose_g/500.jpg,n03273551_6181
http://www.hammond.de/images/gebrauchtmarkt-116-hammond-e-piano.jpg,n03273551_6365
http://www.membrana.ru/images/articles/1035569676-1.jpeg,n03273551_15685
http://www.hammondhire.com/images/hamb3_apr04_full1_thumb.jpg,n03273551_16145
http://farm1.static.flickr.com/245/521388824_b4b89d158b.jpg,n03273551_19044
http://img108.imageshack.us/img108/9939/aurora2a2rt.png,n03273551_26124
http://farm1.static.flickr.com/151/431535101_ff81175f00.jpg,n03273551_29006
http://www.birchy.net/gear/pics/korgcx3.jpg,n03273551_108
http://farm4.static.flickr.com/3237/2624133550_f50d694c25.jpg,n03273551_1623
http://zingspace.org/auction2007/files/organ.jpg,n03273551_3685
http://www.wiztext.com/iStates/images/MVC-005S_small.JPG,n03273551_5692
http://www.sabellastudios.com/myspacepics/hammond.jpg,n03273551_12567
http://farm3.static.flickr.com/2280/2065482008_6289760834.jpg,n03273551_14910
http://www.keyboardexchange.com/photo/image0000001-thumb.jpg,n03273551_19995
http://farm1.static.flickr.com/52/140162303_06b236ac17.jpg,n03273551_20128
http://www.swiftmusic.co.uk/images/products/XE1small.jpg,n03273551_28871
http://www.3d-partners.nl/pictures/hammond_b3.jpg,n03273551_619
http://farm3.static.flickr.com/2321/2503112456_5cc6e25f6c.jpg,n03273551_2217
http://farm3.static.flickr.com/2148/1682056609_ab93527557.jpg,n03273551_6330
http://farm2.static.flickr.com/1390/822282119_b6fcd21e30.jpg,n03273551_16402
http://farm3.static.flickr.com/2342/2470968702_848829e9ff.jpg,n03273551_17237
http://farm1.static.flickr.com/115/289447236_14aa87603c.jpg,n03273551_17637
http://farm1.static.flickr.com/77/213766969_00bcdb3653.jpg,n03273551_24376
http://www.ntime2000.com/images/HammondB3.gif,n03273551_27131
http://b3monaco.com/images/masterclass1.jpg,n03273551_28363
http://farm2.static.flickr.com/1298/1342523269_1e13b98be2.jpg,n03273551_4944
http://www.pianoorgandepot.com/Specials/E-100.jpg,n03273551_11210
http://farm1.static.flickr.com/123/329350724_c15e71968d.jpg,n03273551_13218
http://farm1.static.flickr.com/34/95578472_1b3a247ffa.jpg,n03273551_21465
http://farm1.static.flickr.com/188/483826934_d5000cb88c.jpg,n03273551_24517
http://www.paradisestudios.net/b3leslieBIG.JPG,n03273551_27099
http://www.bossorgan.com/bosschop.jpg,n03273551_3589
http://taylorsmusic.com/images/organhammondaurora.jpg,n03273551_13135
http://farm4.static.flickr.com/3044/2546163564_fbf42142d8.jpg,n03273551_15990
http://media.dogsandpuppies.co.uk/files/01/id_main_photo_uploader/18573568ff9fd9de0a21551bdcee26a1-DSCF0003-480x395.jpg,n03273551_16264
http://www.pianoya.net/pianoya335013.jpg,n03273551_17244
http://www.moostein.com/bny/images/boston/tn_r0011959_jpg.jpg,n03273551_19548
http://www.nycfarmboy.com/cv/cv7b.jpg,n03273551_21065
http://farm1.static.flickr.com/23/29703078_5ad097bae1.jpg,n03273551_28761
http://farm3.static.flickr.com/2350/2390171425_e883703dce.jpg,n03273551_11312
http://www.nycfarmboy.com/rt3/rt6.jpg,n03273551_19973
http://www.upwardhill.com/sharma/2farfs.jpg,n03273551_20710
http://img.photobucket.com/albums/v200/delboywww/Hammond_b3.jpg,n03273551_21393
http://farm3.static.flickr.com/2417/2114284805_361b153e8e.jpg,n03273551_21576
http://www.knoxkeyboards.com/images/organtune.jpg,n03273551_25619
http://home.comcast.net/~ldhickory/photos/LDH1962HammondL100.jpg,n03273551_26504
http://mkp.net/~mkp/organ/c3.jpg,n03273551_6866
http://image.guardian.co.uk/sys-images/Arts/Arts_/Pictures/2007/10/15/hammond460.jpg,n03273551_11284
http://www.kleebs.com/Kleebs_Organ_History/IMAG014.GIF,n03273551_12065
http://www.organfax.co.uk/instruments/hammond/images/B3.jpg,n03273551_15750
http://www.mclemoreavenue.com/images/m3covertop.jpg,n03273551_16306
http://lightfoote.com/DSC00006.jpg,n03273551_20994
http://www.churchmusicservices.net/sitebuilder/images/HammondConcorde/100_1940.jpg,n03273551_21025
http://farm2.static.flickr.com/1150/1032071444_e88887f692.jpg,n03273551_3208
http://www.bostonorganandpiano.com/images/pre_hammond_organs.jpg,n03273551_7197
http://farm3.static.flickr.com/2404/2093533334_5611e29e6c.jpg,n03273551_9573
http://farm1.static.flickr.com/90/230325008_359352bf79.jpg,n03273551_11013
http://farm3.static.flickr.com/2387/1862756949_0083c6af7d.jpg,n03273551_20187
http://planando.altervista.org/musica/servizio/pics/hammond_c3.jpg,n03273551_24222
http://www.thepianoshop.co.uk/images/vintage-organ.jpg,n03273551_26114
http://farm1.static.flickr.com/124/349060930_127cdfe5c2.jpg,n03273551_1314
http://farm2.static.flickr.com/1220/535346733_e19da3e49a.jpg,n03273551_6887
http://farm1.static.flickr.com/69/210469512_95e5cfd474.jpg,n03273551_8906
http://static.flickr.com/184/416199048_13d45eb650.jpg,n03273551_13502
http://www.jazzkeller.com/website_tech/gallery_images/LonnieSmith.jpg,n03273551_15154
http://farm4.static.flickr.com/3118/2710792894_edfc17bf36.jpg,n03273551_15205
http://farm3.static.flickr.com/2404/2156835798_5b47a041ba.jpg,n03273551_16012
http://www.worshipandchurchmusic.com/hammondangle.jpg,n03273551_16432
http://farm3.static.flickr.com/2308/1608542962_b52a0db480.jpg,n03273551_16488
http://farm1.static.flickr.com/101/295380847_d7f94cea2b.jpg,n03273551_17072
http://www.elliottbayrecording.com/hammond.jpg,n03273551_19222
http://farm1.static.flickr.com/222/505292832_2462f3c3c7.jpg,n03273551_22110
http://www.bentonelectronics.com/images/hammond.jpg,n03273551_25494
http://cdn-www.expertvillage.com/showImage.aspx?site=21&fn=keyboard-rock-hammond.jpg,n03273551_25651
http://static.flickr.com/2016/2317149660_789543885c.jpg,n03273551_29196
http://www.barbaradennerlein.com/images/project/collage1.jpg,n03273551_29220
http://www.smctek.com/OrganFrontView1.jpg,n03273551_1479
http://static.flickr.com/223/512108004_248cc6f7be.jpg,n03273551_2743
http://static.flickr.com/103/368080107_979f26e974.jpg,n03273551_6730
http://antiques-auctions.com/events/bostwick-2004-01-31/hammondorgan.jpg,n03273551_7274
http://www.gweep.net/~saki/albums/Hammond-Castle-Great-Hall/Hammond_Organ.thumb.jpg,n03273551_9911
http://blog.nagamiyukitaka.com/images/HammondB250.jpg,n03273551_16058
http://farm1.static.flickr.com/66/202115185_69d5e4853a.jpg,n03273551_16999
http://www.featurepics.com/FI/Thumb/20051019/d334033e-060c-4682-8856-516a43ce3c46.jpg,n03273551_18267
http://farm1.static.flickr.com/68/197480119_6ace9bf260.jpg,n03273551_21566
http://farm2.static.flickr.com/1010/1246521770_ab9cdd183a.jpg,n03273551_21691
http://www.nycfarmboy.com/rt3/rt5.jpg,n03273551_23523
http://www.estate2go.com/hammond_300.jpg,n03273551_24018
http://farm2.static.flickr.com/1081/839735052_ae11a80240.jpg,n03273551_27668
http://www.vinylwall.com/equip/musical/graphics/hammondromance123xl.JPG,n03273551_1219
http://static.flickr.com/3112/2466977987_6fb6003393.jpg,n03273551_2222
http://static.flickr.com/76/200434051_bd74981509.jpg,n03273551_2425
http://www.sectioaurea.com/scuola/Organo%20di%20Gotenborg---Consolle.jpg,n03273551_4646
http://farm3.static.flickr.com/2064/2338179665_1d81017bf9.jpg,n03273551_16017
http://static.flickr.com/43/81054921_82459ba3c2.jpg,n03273551_16854
http://www.ishibashi.co.jp/academic/history_of_the_keyboards/organ/gif/hammond_c-3.jpg,n03273551_17518
http://s16931.gridserver.com/blog/uploads/2007/06/hammondb3angle.jpg,n03273551_21830
http://farm3.static.flickr.com/2354/2467011849_ce56eaa91f.jpg,n03273551_22477
http://pages.infinit.net/yumbambe/jpegs/B3_85057/Organ_open.jpg,n03273551_2381
http://farm2.static.flickr.com/1031/537948323_b9e85a2471.jpg,n03273551_3028
http://upload.wikimedia.org/wikipedia/commons/thumb/b/bd/6f_1.png/250px-6f_1.png,n03273551_3217
http://static.flickr.com/2230/2317144546_79440691fa.jpg,n03273551_5310
http://static.flickr.com/1218/1403906795_2b3ae83e7f.jpg,n03273551_6888
http://farm4.static.flickr.com/3200/2766475808_a08e31c89e.jpg,n03273551_9157
http://farm2.static.flickr.com/1346/865402924_fa26361f3c.jpg,n03273551_12037
http://farm3.static.flickr.com/2388/2316340001_b6aa20fd14.jpg,n03273551_16735
http://farm3.static.flickr.com/2192/2183985311_097367ff2b.jpg,n03273551_17049
http://www.hammond.de/images/hammond-b-3-ser-nr-62368.jpg,n03273551_20335
http://farm2.static.flickr.com/1184/700631006_6023eb2518.jpg,n03273551_20456
http://www.hammondorgan.co.uk/queenspics/IMG_1360.jpg,n03273551_21833
http://vintageorgans.com/scooterb3.jpg,n03273551_22719
http://www.keyboardexchange.com/video/organ2.jpg,n03273551_22730
http://www.ph.unimelb.edu.au/~schm/maxkeys.jpg,n03273551_23635
http://static.flickr.com/3190/2317151022_8eb148528b.jpg,n03273551_28854
http://www.musicpictures.com/ln_pictures/sysiphus/mpcom/100/AL1_194448_HAMMOND_ORGAN_1.JPG,n03273551_4629
http://cc.ysu.edu/~dmsewell/hamdb.jpg,n03273551_7267
http://www.drumsunlimited.com/Images/Keyboards/IconHammond.gif,n03273551_11927
http://farm4.static.flickr.com/3124/2317146594_2e46519c81.jpg,n03273551_13952
http://www.mercatinomusicale.com/allegati_small/652289.jpg,n03273551_24694
http://i6.photobucket.com/albums/y219/lilbutbigaj/organ.jpg,n03273551_6629
http://www.retroaudiolab.com/pictures/equip/c-3/c3tiny.jpg,n03273551_13085
http://web.tiscali.it/hammondsoundpage/b3.jpg,n03273551_14096
http://static.flickr.com/233/448476610_dd9d87393c.jpg,n03273551_14925
http://farm1.static.flickr.com/52/128211840_abfac01019.jpg,n03273551_16760
http://www.modularsynthesis.com/hammond/Hammond_B-3.jpg,n03273551_19846
http://lh3.ggpht.com/_uCtbKL4yth8/R7O_38v0BpI/AAAAAAAAAio/G4DgN9V9hhQ/DSC00350.JPG,n03273551_20065
http://cdn-www.expertvillage.com/showImage.aspx?site=21&fn=organ-rock-vibrato-chorus.jpg,n03273551_21931
http://farm3.static.flickr.com/2405/2132158197_41fbf9a77f.jpg,n03273551_24667
http://static.flickr.com/2349/2193461608_b7c7ccb7c7.jpg,n03273551_24813
http://farm3.static.flickr.com/2369/2264553555_93485b4336.jpg,n03273551_26817
http://static.flickr.com/33/59515153_7be0779e71.jpg,n03273551_289
http://farm3.static.flickr.com/2358/2192673405_5fbf1d3e29.jpg,n03273551_2738
http://www.playsynthesizer.com/media/jpegs_gifs/hall_of_fame/HammondB3.jpg,n03273551_11242
http://www.geocities.com/cd_mastering/br_files/keys.jpg,n03273551_14004
http://farm3.static.flickr.com/2115/2386497140_eee5e0d268.jpg,n03273551_15862
http://www.crisium-music.com/_hammond_m102.jpg,n03273551_17159
http://farm2.static.flickr.com/1010/828612389_f415b5ef48.jpg,n03273551_17189
http://farm4.static.flickr.com/3286/2607165143_cb7e1269b9.jpg,n03273551_1968
http://farm1.static.flickr.com/166/349060946_26d53274b4.jpg,n03273551_6367
http://www.groupietunes.com/loadimage.aspx?aid=62733,n03273551_10938
http://www.groovetunnel.com/images/gt_keys_1.jpg,n03273551_23524
http://farm3.static.flickr.com/2311/2080718309_c7de772a32.jpg,n03273551_6303
http://farm2.static.flickr.com/1306/700636640_b8637dba2e.jpg,n03273551_7125
http://www.newyorkbee.com/user_media/logo/images/1116.jpg,n03273551_11082
http://image6.usedvictoria.com/YYJ6498536.1.jpg,n03273551_11660
http://farm3.static.flickr.com/2062/2207105413_966b72eb8f.jpg,n03273551_13599
http://farm1.static.flickr.com/32/36449552_7301333551.jpg,n03273551_17479
http://static.flickr.com/227/489195091_ff7360e469.jpg,n03273551_20270
http://www.sorcerersound.com/hammond_sml.jpg,n03273551_27877
http://www.peacerecord.com/Small_B3_Hammond_Organ.jpg,n03273551_432
http://static.flickr.com/116/289582670_8f3a2989f8.jpg,n03273551_3405
http://www.retroaudiolab.com/pictures/hammond%203100%20back.jpg,n03273551_6722
http://farm3.static.flickr.com/2117/2335398659_bbb0d4bc5b.jpg,n03273551_6879
http://farm1.static.flickr.com/41/81067333_d6adb3f261.jpg,n03273551_6899
http://www.hammondstore.com/images/pic.2.jpg,n03273551_8694
http://bp3.blogger.com/_FMBJEkaC8Lw/RtzNLBURykI/AAAAAAAAH8w/L-AIZXMEeL0/s400/0e43_3.JPG,n03273551_12135
http://farm3.static.flickr.com/2099/2520715157_ffdf499717.jpg,n03273551_28975
http://www.euphonic.us/images/Bill-hammond.JPG,n03273551_977
http://www.rstweb.com/historyofrockandroll/hammondxk2.jpg,n03273551_2523
http://farm4.static.flickr.com/3008/2733610952_9d9a1266cd.jpg,n03273551_2931
http://i23.ebayimg.com/01/i/000/f2/41/c9e7_1.JPG,n03273551_5282
http://www.cune.org/paul.soulek/organpro_files/console.gif,n03273551_9574
http://www.thedamned.com/ODsingle/media/images/bandsectns/cappix/equip/B4.gif,n03273551_15717
http://farm3.static.flickr.com/2053/2387732540_a0d5bfb86b.jpg,n03273551_23779
http://farm1.static.flickr.com/124/423103493_47dcf29327.jpg?v=0,n03273551_4368
http://boldt.us/4821-4/hammond-c3-organ-with-leslie,n03273551_6256
http://www.gakki.com/catalog56/hammond_XB3_3.jpg,n03273551_13090
http://www.thepianoshop.co.uk/images/hammond-organ-4.jpg,n03273551_13703
http://farm4.static.flickr.com/3153/2765583573_0114de459b.jpg,n03273551_15435
http://www.labib.com/c3organss.jpg,n03273551_18505
http://www.jimlaabs.com/ProdImages/z1used-piano-organ-hammondspinetsm.jpg,n03273551_20564
http://www.mercatinomusicale.com/allegati_small/724242.jpg,n03273551_22597
http://static.flickr.com/2344/2426696940_bfe49b3962.jpg,n03273551_25526
http://farm1.static.flickr.com/78/200434048_4577f7f6e7.jpg,n03273551_10424
http://farm4.static.flickr.com/3227/2436203773_9c3b20ab8f.jpg,n03273551_13659
http://www.retromedia.net/WEB3%20Images/hammondC2.JPG,n03273551_25502
http://www.retroaudiolab.com/pictures/equip/l102/l102tiny.jpg,n03273551_1286
http://static.flickr.com/39/81058336_adf2d060eb.jpg,n03273551_1539
http://www.mesmers.com/weblog_2006_05_29/Images/Hammond_Organ_closeup.jpg,n03273551_5652
http://farm1.static.flickr.com/201/450181235_f21cc4d927.jpg,n03273551_6117
http://www.tonewheelgeneral.com/images/waterfalls.jpg,n03273551_6569
http://farm1.static.flickr.com/137/355457559_5a57234d8c.jpg,n03273551_13182
http://www.organclassifieds.com/images/hammond.jpg,n03273551_14391
http://www.leaseexperts.com/images/organ.jpg,n03273551_15758
http://farm1.static.flickr.com/152/349060938_92f31001cc.jpg,n03273551_16333
http://farm1.static.flickr.com/105/289582478_a05082c37f.jpg,n03273551_17958
http://static.flickr.com/2037/2192673903_cf941d0645.jpg,n03273551_18883
http://www.mercatinomusicale.com/allegati_small/691267.jpg,n03273551_19160
http://farm3.static.flickr.com/2303/2101415615_107ce62a67.jpg,n03273551_22900
http://www.hammondstore.com/images/c3/C-3%20one280.jpg,n03273551_24979
http://www.garybaldwin.co.uk/Gallery/Images/Gary_on_Hammond_at_Barton_1.jpg,n03273551_27053
http://www.michelristenpatt.com/pictures/gear/images/Hammond.M100.JPG,n03273551_4041
http://i139.photobucket.com/albums/q294/LuKeys/IlMioHammondL122.jpg,n03273551_4130
http://farm4.static.flickr.com/3055/2729049464_f36a55d63e.jpg,n03273551_7879
http://farm4.static.flickr.com/3074/2316338301_e546068e61.jpg,n03273551_13490
http://farm4.static.flickr.com/3268/2294377370_df08511f27.jpg,n03273551_16619
http://farm3.static.flickr.com/2215/2192673327_928f2c7c55.jpg,n03273551_19082
http://farm1.static.flickr.com/164/435530469_61a863dacd.jpg,n03273551_21657
http://www.jimlaabs.com/ProdImages/organ-hammond-XT-273asm.jpg,n03273551_24895
http://www.hammondhire.com/images/hamc3assem_rest_thumb.jpg,n03273551_25087
http://farm3.static.flickr.com/2279/2386905123_ce2798072c.jpg,n03273551_25828
http://www.hammond.at/images/cd-hammond-explosion-inlay.jpg,n03273551_804
http://farm1.static.flickr.com/25/65318822_05da0b3c05.jpg,n03273551_3018
http://farm1.static.flickr.com/45/182039210_37de001fde.jpg,n03273551_11532
http://taylorsmusic.com/images/acl%20Used%20Hammond%20Organ%20E100.jpg,n03273551_14000
http://i70.twenga.com/7/tp/96/60/49219660.png,n03273551_14158
http://www.truespec.com/images/imagecache/HammondB3Organsmall.jpg,n03273551_15058
http://parlapiano.com/museum/images/hammondc.jpg,n03273551_22906
http://www.southbound.org/images/bios/chris/m3.jpg,n03273551_24049
http://www.americanmusicworld.com/images/B-3-organ-pic.jpg,n03273551_1033
http://farm3.static.flickr.com/2267/2115063032_9cf9ffef14.jpg,n03273551_7740
http://farm2.static.flickr.com/1327/758417186_22d5c5744a.jpg,n03273551_11999
http://farm3.static.flickr.com/2003/2034855097_c2eab4de16.jpg,n03273551_13338
http://www.biggreenhits.com/images/HammondB3.jpg,n03273551_16480
http://static.flickr.com/104/279953985_370aa169e8.jpg,n03273551_16940
http://static.flickr.com/3103/2317151666_df074c46df.jpg,n03273551_27482
http://www.mark-hammond.co.uk/organ.jpg,n03273551_29158
http://farm1.static.flickr.com/74/230325009_7db03e06bc.jpg,n03273551_5498
http://www.e-musicpiano.com/images/hamond1.jpg,n03273551_16109
http://www.pugetsoundorgan.com/images/ham7195.jpg,n03273551_16195
http://farm1.static.flickr.com/54/136743659_1d4215225e.jpg,n03273551_25540
http://farm3.static.flickr.com/2312/2077653203_78e6fa5225.jpg,n03273551_26224
http://lightfoote.com/DSC00009.jpg,n03273551_26281
http://farm3.static.flickr.com/2028/2317146300_3c13a13cdb.jpg,n03273551_26749
http://farm1.static.flickr.com/60/155339748_4565e1df14.jpg,n03273551_2451
http://farm4.static.flickr.com/3076/2545997060_8d64068ec3.jpg,n03273551_3468
http://static.flickr.com/36/81061358_28820301e6.jpg,n03273551_6579
http://www.lancastermusic.com/Hammon7.jpg,n03273551_12733
http://www.organ.co.uk/king/hammond/images/hammond1.jpg,n03273551_18887
http://static.flickr.com/41/81071677_5bf7b37c67.jpg,n03273551_20464
http://www.hammondb3.com/jerome.xb2.80.gif,n03273551_25649
http://www.musictechteacher.com/kgpics/organ1.jpg,n03273551_28690
http://farm1.static.flickr.com/6/5712606_037bc880a6.jpg,n03273551_1719
http://farm2.static.flickr.com/1247/1308255471_e889ea081e.jpg,n03273551_6361
http://farm3.static.flickr.com/2246/2178992593_0ab9f7d524.jpg,n03273551_11097
http://farm3.static.flickr.com/2322/2251805312_3626a05b92.jpg,n03273551_13577
http://www.vetta.net/images/store/small/HL_50449479.gif,n03273551_15781
http://www.hammond.de/images/gebrauchtmarkt-hammond-140k.jpg,n03273551_16172
http://musikindo.com/data/upimages/soft2.jpg,n03273551_16514
http://media.citypages.com/organ-donors.1405470.51.jpg,n03273551_21266
http://www.mercatinomusicale.com/allegati/778683.JPG,n03273551_21714
http://www.kleonard.com/gear/images/stu-aa5.jpg,n03273551_25138
http://www.hammondhire.com/images/hamjpj1_thumb.jpg,n03273551_26013
http://z.about.com/d/blues/1/0/y/hammond.jpg,n03273551_1334
http://farm1.static.flickr.com/25/47366277_8ab93145a3.jpg,n03273551_1511
http://home.swbell.net/wrudd/music/hammond.JPG,n03273551_2614
http://www.xb3.net/b3/image1/newb3-01.jpg,n03273551_5746
http://www.hammond.de/images/hammond-xk-2-organ-gebrauchtmarkt.jpg,n03273551_6738
http://farm1.static.flickr.com/38/81062865_62ea032294.jpg,n03273551_8310
http://www.thehammonddoctors.com/images/full/B2_1950_36779hamOrgan01.jpg,n03273551_10824
http://i23.ebayimg.com/03/i/000/ed/dc/c538_2.JPG,n03273551_15404
http://americanmusicworld.com/images/Classic-Pipe-organ-pic.jpg,n03273551_16736
http://i.ytimg.com/vi/USlyA_FgzXo/0.jpg,n03273551_18624
http://www.strumentimusicali.net/images/FATAR_mp117.jpg,n03273551_22330
http://imagesa.backpage.com/centralimages/pdx/f4/f497d7c4700ab4cc80af9ed13cae9c22--2--ade01JPG--medium.jpg,n03273551_22865
http://www.hammondcentral.com/images/products/portable.B3/port.B32-A.jpg,n03273551_28992
http://www.oaktreevintage.com/web_photos/keyboards/Hammond_M3_Organ_Main_collage.jpg,n03273551_1384
http://studiofrisson.com/imagex/hammond-b3-organ.montreal.frisson.jpg,n03273551_6593
http://farm1.static.flickr.com/226/483859293_1d89558e25.jpg,n03273551_12018
http://www.muggysin.tvheaven.com/images/laurenshammond.jpg,n03273551_12106
http://farm4.static.flickr.com/3149/2441865609_f810f055e9.jpg,n03273551_12284
http://www.lancastermusic.com/Hammon6.jpg,n03273551_15547
http://www.bcorganandservice.com/images/organ_935.jpg,n03273551_19698
http://www.gradwellhouse.com/images/keys_hammond.jpg,n03273551_26889
http://static.flickr.com/3258/2529602217_8a9175e5c1.jpg,n03273551_5454
http://longjourneyshortsteps.com/StoryImages/Ham1.jpg,n03273551_8562
http://www.barbaradennerlein.bebab-jazz.de/tv/koel87/bild3.jpg,n03273551_13657
http://www.keyborgan.com/images/keybsolooverheadsm.jpg,n03273551_15344
http://farm1.static.flickr.com/115/256652485_c95629db9c.jpg,n03273551_23443
http://farm1.static.flickr.com/5/6262892_f104182e19.jpg,n03273551_24638
http://farm4.static.flickr.com/3279/2317146454_43d03d7144.jpg,n03273551_27754
http://www.jacmusic.com/html/contact/B3wxx.jpg,n03273551_3092
http://farm3.static.flickr.com/2007/1862643905_81f53ef83d.jpg,n03273551_8987
http://farm4.static.flickr.com/3100/2640588268_5a89fc1e42.jpg,n03273551_11697
http://farm3.static.flickr.com/2140/1815101453_289b536f26.jpg,n03273551_12328
http://farm1.static.flickr.com/41/81071677_5bf7b37c67.jpg,n03273551_15630
http://www.michelristenpatt.com/pictures/gear/images/HammondL100.jpg,n03273551_943
http://www.nycfarmboy.com/d152/d1.jpg,n03273551_1428
http://www.tapeop.com/john/photos/images/gear/hammond1.jpg,n03273551_1550
http://www.cs.wisc.edu/~terrones/images/organ_whole.JPG,n03273551_5681
http://www.carrollmusic.com/images/b3.jpg,n03273551_28910
http://farm1.static.flickr.com/181/431535082_7f93fb778c.jpg,n03273551_1254
http://farm2.static.flickr.com/1234/637070785_420e88dc02.jpg,n03273551_6020
http://www.drexkode.net/images/drexkode/enciclop/ham_b3.jpg,n03273551_13820
http://staxrecords.free.fr/bookerhammond.jpg,n03273551_15295
http://farm1.static.flickr.com/188/409402009_09cdd03aec.jpg,n03273551_16620
http://pages.videotron.com/yumbambe/jpegs/A100_41576/Organ2.jpg,n03273551_17639
http://farm1.static.flickr.com/33/48146499_ba25ab2a0f.jpg,n03273551_18054
http://www.hammondorgan.co.uk/m/add_m.jpg,n03273551_20937
http://farm3.static.flickr.com/2355/2503909316_00af1399fa.jpg,n03273551_21240
http://www.sirny.com/img/rent/6-e.jpg,n03273551_471
http://www.innas.com/Assets/eponiemen/hammond.jpg,n03273551_4075
http://farm3.static.flickr.com/2167/2345720247_f57b770be8.jpg,n03273551_5689
http://farm1.static.flickr.com/153/352775635_69b3c1c292.jpg,n03273551_6970
http://www.pdxnet.net/nmp/hammond.jpg,n03273551_13069
http://www.hicksorganservice.net/images/c3pic.jpg,n03273551_13832
http://farm2.static.flickr.com/1318/911655922_71646b7341.jpg,n03273551_14133
http://www.partituras.biz/image/HalLeonard/HL50449479.gif,n03273551_16056
http://www.thecattbox.com/living_rm_1_hammond_small1.jpg,n03273551_22080
http://www.urbanmusic.com/T-582.jpg,n03273551_26164
http://www.bcorganandservice.com/images/organ_A-100.jpg,n03273551_2480
http://farm1.static.flickr.com/34/101200953_c2ae745974.jpg,n03273551_6451
http://farm4.static.flickr.com/3166/2596454982_90e8017ce5.jpg,n03273551_10932
http://www.viscountorgan.co.kr/bbs/table/dataroom9/upload/Hammond%20820_S.jpg,n03273551_11831
http://farm1.static.flickr.com/97/251924441_4de6f1fbab.jpg,n03273551_17392
http://www.officialdamned.com/ODsingle/media/images/bandsectns/cappix/equip/B4.gif,n03273551_19809
http://www.bluesynths.de/contents_lit/hammond/hammond.gif,n03273551_29216
http://www.musitechbycloud.com/images/li33.gif,n03273551_389
http://www.retroaudiolab.com/pictures/equip/l102/l102testsmall.jpg,n03273551_2713
http://farm1.static.flickr.com/48/126469386_0f49cf2b48.jpg,n03273551_6013
http://farm2.static.flickr.com/1116/541634764_6418da0bc5.jpg,n03273551_6802
http://www.iguanastudio.co.uk/img/photos/hammond.jpg,n03273551_10167
http://farm3.static.flickr.com/2062/2316350267_200be1b2e7.jpg,n03273551_11421
http://www.hammondstore.com/images/a100/a100top280.jpg,n03273551_12473
http://farm4.static.flickr.com/3171/2544968113_0b9b3c55d1.jpg,n03273551_12521
http://www.an-jel-ka.com/Images/Photos/200px/9a_200.jpg,n03273551_14249
http://www.moogce.com/images/minimoog.jpg,n03273551_15667
http://farm4.static.flickr.com/3240/2503112240_a99f3cc8c0.jpg,n03273551_17633
http://www.ilmetronomo.it/foto/20071221113500-Roland_VK8_805_1.jpg,n03273551_19440
http://farm4.static.flickr.com/3147/2576711201_93bb2aa4bb.jpg?v=0,n03273551_25797
http://farm3.static.flickr.com/2241/1953782888_70b945ef17.jpg,n03273551_12418
http://www.gakki.com/catalog51/hammond_porta_b_3p.jpg,n03273551_14292
http://www.jazzgeveltje.nl/plaatje/hammond.jpg,n03273551_21119
http://website.lineone.net/~thebkc/Hammond_XE/tn_XE2.jpg,n03273551_25514
http://www.hammond.at/images/hammond-xb5.jpg,n03273551_6526
http://www.jimlaabs.com/ProdImages/organ-hammond-xj-100asm.jpg,n03273551_6925
http://farm1.static.flickr.com/69/182038528_1e970311c7.jpg,n03273551_19314
http://www.hammondstore.com/images/D2/D2top280.jpg,n03273551_20850
http://www.nycfarmboy.com/cv/cv8b.jpg,n03273551_21498
http://farm1.static.flickr.com/53/141476322_28ff7d2cae.jpg,n03273551_26495
http://www.b3hammond.com/images/gallery/th_61042-3a.JPG,n03273551_948
http://www.classicpiano.com/PICTURES/Hammond/Hamm02.jpg,n03273551_2115
"http://media.samedaymusic.com/media/brand,sameday/Hammond_ProLine01-a7ed60fc5d5f75e1df0a46c4e061da1c.jpg",n03273551_6590
http://static.flickr.com/3238/2341767294_7906c676f8.jpg,n03273551_13575
http://farm3.static.flickr.com/2208/2537495222_9522670aee.jpg,n03273551_17438
http://www.BruceDouglas.com/garagesale/photos/organ/DSC00894.jpg,n03273551_20721
http://www.topmusicstore.it/3665_0001.jpg,n03273551_21469
http://farm1.static.flickr.com/24/53721032_92bc95bc72.jpg,n03273551_22631
http://www.blogut.ca/wp-content/uploads/2007/02/2007-01-31-blogut-hammondb3.jpg,n03273551_26643
http://www.retrokeys.co.uk/Resources/laurens.jpeg,n03273551_6073
http://i23.ebayimg.com/03/i/000/ef/18/340c_2.JPG,n03273551_7403
http://www.johnmars.com/images/HPIM1103.jpg,n03273551_13013
http://farm4.static.flickr.com/3037/2574571333_d7c27d01a2.jpg,n03273551_16534
http://farm1.static.flickr.com/174/391618398_c5df4844f2.jpg,n03273551_16982
http://farm1.static.flickr.com/47/140164720_08425910ba.jpg,n03273551_19726
http://farm2.static.flickr.com/1377/859053432_2a1066daaf.jpg,n03273551_21541
http://www.hammondclub.it/site/prodotti/b3ultimo.jpg,n03273551_22746
http://farm4.static.flickr.com/3289/2503438017_db190acc90.jpg,n03273551_27190
http://www.fryesmusicservice.com/SHOP%20PHOTOS/AKA-Hammond-Organ-Rm.jpg,n03273551_557
http://www.hammondorgan.co.uk/images/xlk_3pro.jpg,n03273551_1594
http://static.flickr.com/2290/2317131888_7928dc97d1.jpg,n03273551_1746
http://mkp.net/~mkp/organ/tn/hammond.jpg,n03273551_1778
http://farm2.static.flickr.com/1177/758417158_a3648c9864.jpg,n03273551_6354
http://www.organicsmusic.com/images/Justinathammond.jpg,n03273551_8258
http://www.hammond.de/images/ultimo-n.jpg,n03273551_9373
http://img3.musiciansfriend.com/dbase/pics/products/70/706996.jpg,n03273551_9407
http://lightfoote.com/DSC00008.jpg,n03273551_9721
http://farm1.static.flickr.com/8/8064738_d9928886f5.jpg,n03273551_17383
http://www.strumentimusicali.net/images/CLAVIA_nordc1.jpg,n03273551_18080
http://static.flickr.com/3283/2317140870_19bdfc51ec.jpg,n03273551_26194
http://farm1.static.flickr.com/70/152770297_a8d1eb522b.jpg,n03273551_28133
http://farm2.static.flickr.com/1120/845418317_70f4e03fc0.jpg,n03273551_2915
http://farm4.static.flickr.com/3158/2294378320_bc8de8760e.jpg,n03273551_11213
http://static.flickr.com/115/308428640_f0f6c8a1eb.jpg,n03273551_18568
http://www.oldhammonds-leslies.com/photos/photo4.jpg,n03273551_20147
http://www.synthmania.com/Organs/Hammond/C-3/Images/Hammond%20C-3%20full.jpg,n03273551_25
http://farm3.static.flickr.com/2320/2093256521_57d6e367f5.jpg,n03273551_537
http://www.gakki.com/catalog56/hammond_XB3_2.jpg,n03273551_8535
http://farm3.static.flickr.com/2211/2300976386_11f88757c2.jpg,n03273551_11529
http://www.hollowsun.com/donations/m100/m102.jpg,n03273551_12753
http://www.parlapiano.com/museum/images/M3.jpg,n03273551_13676
http://www.procolharum.com/p/Image63.gif,n03273551_15398
http://farm1.static.flickr.com/111/257880310_fbe82a9dc9.jpg,n03273551_15675
http://users.sa.chariot.net.au/~dna/images/hammond1.jpg,n03273551_23890
http://i71.twenga.com/7/tp/44/59/109534459.png,n03273551_24512
http://www.ronlebar.com/images/es.jpg,n03273551_28256
http://farm1.static.flickr.com/156/423223374_fb513c8168.jpg,n03273551_599
http://www.pan.no/hammondsuz/xhnews_files/x-series_files/xh-200.jpg,n03273551_2999
http://farm3.static.flickr.com/2397/2149393738_5b117ce509.jpg,n03273551_4928
http://www.hamcor.co.uk/acatalog/Hammond-C3.jpg,n03273551_6046
http://farm1.static.flickr.com/162/434880364_d52f4be156.jpg,n03273551_7426
http://farm4.static.flickr.com/3293/2759701262_9416756185.jpg,n03273551_9188
http://farm3.static.flickr.com/2279/1670105291_c9f7d191c4.jpg,n03273551_15423
http://www.soundonsound.com/sos/jul03/images/hammondb32.gif,n03273551_20875
http://farm2.static.flickr.com/1185/613775176_7b85632171.jpg,n03273551_24086
http://farm4.static.flickr.com/3150/2441122852_f740695172.jpg,n03273551_25446
http://www.mauroaimetti.com/images/NUOVO%20ELP%20T.%20an%20Hammond%20organ%20!%2003.jpg,n03273551_1515
http://farm2.static.flickr.com/1201/653333583_cb8fea90d8.jpg,n03273551_1915
http://farm1.static.flickr.com/164/435521921_a092068b66.jpg,n03273551_2129
http://www.kenlovern.com/images/ryanandkenmixing.jpg,n03273551_8122
http://www.igmusic.co.nz/graphics/hC31.jpg,n03273551_9491
http://farm2.static.flickr.com/1433/700634536_73c75b64e1.jpg,n03273551_14290
http://www.hammond-organ.com/sales/images/DiningRoomHammondY.JPG,n03273551_15231
http://farm1.static.flickr.com/160/414232951_101bd1b994.jpg,n03273551_15418
http://www.hammondstore.com/images/chop/side-view_350.jpg,n03273551_25354
http://farm3.static.flickr.com/2331/2293588603_95cb43081b.jpg,n03273551_5218
http://www.chitarre.com/rec/backis/bi04/rp024/hotstuff/hs2_13.jpg,n03273551_6439
http://farm3.static.flickr.com/2283/2502275781_6c754802ff.jpg,n03273551_8250
http://farm1.static.flickr.com/123/409402237_d7365d13b6.jpg,n03273551_10438
http://www.hancockpianosandorgans.com/images/xb-3_organ.gif,n03273551_12477
http://www.redhots.net/Pictures/django-organ1.jpg,n03273551_18125
http://farm2.static.flickr.com/1351/700631644_9bc522f8d0.jpg,n03273551_19984
http://www.bbc.co.uk/radioassets/photos/2007/6/5/21299_2.jpg,n03273551_20985
http://www.tastierevintage.com/hamm.jpg,n03273551_24535
http://farm3.static.flickr.com/2237/2192673479_f6e695a198.jpg,n03273551_24982
http://www.mercatinomusicale.com/allegati_small/241094.jpg,n03273551_25023
http://www.microphonerentals.com/images/Instruments/thumbnails/Hammond%20B250%20Organ_jpg.jpg,n03273551_5486
http://farm4.static.flickr.com/3156/2567243010_8a1022ebf8.jpg,n03273551_5612
http://farm1.static.flickr.com/24/91101945_142cd93d57.jpg,n03273551_7951
http://www.grandcanyontuberadio.com/instrument/Keyboards/hammond/hammond01.jpg,n03273551_11522
http://www.larriedee.com/Hammond-A-Z.jpg,n03273551_17539
http://cdn-www.expertvillage.com/showImage.aspx?site=21&fn=organ-rock-hammond.jpg,n03273551_22765
http://farm1.static.flickr.com/118/306096599_b8676935aa.jpg,n03273551_23956
http://farm1.static.flickr.com/214/500623232_4c14a80df6.jpg,n03273551_2502
http://static.flickr.com/172/463856101_252998d2ae.jpg,n03273551_6736
http://vintageorgans.net/hammond/c3-lo/2.jpg,n03273551_7122
http://farm4.static.flickr.com/3231/2454485940_2df0ed29e5.jpg,n03273551_11809
http://www.sorcerersound.com/hammond_big.jpg,n03273551_14955
http://farm3.static.flickr.com/2013/2467655581_15161bd1c0.jpg,n03273551_26855
http://farm1.static.flickr.com/102/284913115_d21a095e4a.jpg,n03273551_4299
http://farm1.static.flickr.com/127/401315991_cde3d2cb19.jpg,n03273551_9162
http://farm3.static.flickr.com/2155/2494781519_0491ac9071.jpg,n03273551_10507
http://farm1.static.flickr.com/123/349083954_1ae626ff4b.jpg,n03273551_12665
http://www.jamplay.com/images/equipment/large/HMDXK1.jpg,n03273551_852
http://www.churchroad.net/graphics/photos/organ.jpg,n03273551_3493
http://farm1.static.flickr.com/40/81060849_ba6ba13fe0.jpg,n03273551_7680
http://www.hammond.de/images/hammond-modell-a-von-1936.jpg,n03273551_16476
http://farm1.static.flickr.com/110/289582436_ae674fb316.jpg,n03273551_18938
http://juzzy.xinwen365.net/admin/data/70/hammondb3.jpg,n03273551_21495
http://farm1.static.flickr.com/157/367104696_9e23e0f394.jpg,n03273551_3650
http://www.wendykirkland.com/hammond.JPG,n03273551_5808
http://www.musicpictures.com/ln_pictures/sysiphus/mpcom/100/DR1002_Jimmy_SMITH_1.JPG,n03273551_6729
http://www.shabooproductions.com/images/Organ+GoFF-anima-3.gif,n03273551_9836
http://farm3.static.flickr.com/2409/2346587054_cf3fd3619b.jpg,n03273551_14787
http://farm4.static.flickr.com/3246/2764282424_1ffe4e594a.jpg,n03273551_17228
http://bp2.blogger.com/_E4YvME650Nw/R-BM97wVtcI/AAAAAAAAAHg/4B4apAJH-B0/s320/MIGUEL+RAMOS+Y+Su+Organo+Hammond+Vol.+1+(1966)+portada.jpg,n03273551_24059
http://www.urbanmusic.com/D-152.jpg,n03273551_2875
http://farm3.static.flickr.com/2251/1878918427_8397758c0f.jpg,n03273551_3237
http://www.foxrecording.com/hammond_organ350.jpg,n03273551_12388
http://www.dkimages.com/discover/previews/890/20160012.JPG,n03273551_15825
http://www.tompetro.com/ebay/A100sn6437/A100-2front.jpg,n03273551_17196
http://farm1.static.flickr.com/47/131879100_9c6e7a110e.jpg,n03273551_20037
http://www.nycfarmboy.com/cv/cv1b.jpg,n03273551_21271
http://farm3.static.flickr.com/2327/2386493118_f034dbf839.jpg,n03273551_22100
http://www.fishorgans.com/ebay/ORGANS/Hammond_C-3_1959_sn76757/main.jpg,n03273551_22927
http://static.flickr.com/2004/2316349175_0a6802ffdb.jpg,n03273551_24067
http://www.norfolknet.com/norfolk/ads/hammond_synth.jpg,n03273551_26090
http://static.flickr.com/2331/2184731520_28290805f0.jpg,n03273551_6197
http://farm2.static.flickr.com/1078/534447191_ea84f95784.jpg,n03273551_8956
http://farm3.static.flickr.com/2367/2506312586_5ca5ee4431.jpg,n03273551_9141
http://www.keysalive.com/hammond.jpg,n03273551_12849
http://farm3.static.flickr.com/2234/1681133552_137794b836.jpg,n03273551_15748
http://farm3.static.flickr.com/2160/2545784410_6a5bc0c560.jpg,n03273551_19470
http://baannapleangthai.com/43/images/43-05_clip_image005.jpg,n03273551_19937
http://www.bonkpianosandorgans.com/sitebuilder/images/HPIM0024-460x342.jpg,n03273551_27142
http://farm1.static.flickr.com/46/181011693_0f09eaf433.jpg,n03273551_2720
http://farm4.static.flickr.com/3071/2605672908_5d5c4a969d.jpg,n03273551_5299
http://mmedia.anuntis.com/MEX/2008/05/12/29696225/69478916.jpg,n03273551_5983
http://farm1.static.flickr.com/175/484625998_15a7e58219.jpg,n03273551_10413
http://farm4.static.flickr.com/3239/2497222815_868fdf4e24.jpg,n03273551_10998
http://www.nycfarmboy.com/d152/d6.jpg,n03273551_13173
http://farm2.static.flickr.com/1368/558164976_1bc3deff1f.jpg,n03273551_17227
http://www.jeffjacobson.net/images/organ.jpg,n03273551_25811
http://static.rateyourmusic.com/images/one?id=320683&size=f,n03273551_27155
http://farm1.static.flickr.com/33/63653446_58df0a0bcb.jpg,n03273551_27248
http://farm2.static.flickr.com/1414/700637308_90e4d6bdc5.jpg?v=0,n03273551_4374
http://i21.ebayimg.com/08/i/000/f3/3d/3468_0.JPG,n03273551_5414
http://farm3.static.flickr.com/2269/2264076085_b5a64c88a6.jpg,n03273551_6345
http://www.urbanmusic.com/XC-3.jpg,n03273551_6913
http://showcase-pianos.co.uk/pages/stock/SIMG0048.jpg,n03273551_7336
http://static.flickr.com/2133/2192674061_a9eb39668d.jpg,n03273551_9454
http://www.limitezero.it/new/pics/02gianluca.jpg,n03273551_12939
http://farm1.static.flickr.com/80/247625628_e7bee40564.jpg,n03273551_16083
http://www.mcnsystems.com/x66.jpg,n03273551_18484
http://static.flickr.com/3083/2494759267_a73460463a.jpg,n03273551_341
http://www.larrylupole.com/images/Hammond_02.jpg,n03273551_3577
http://farm1.static.flickr.com/113/304397885_4b229ea2cf.jpg,n03273551_10104
http://farm3.static.flickr.com/2035/1808319033_89604b5c97.jpg,n03273551_13231
http://www.stevespianoservice.com/esteyandelectroniccombo.jpg,n03273551_17991
http://farm1.static.flickr.com/86/233988196_7d67535465.jpg,n03273551_18761
http://www.disco-doro.it/elementi/ns76.jpg,n03273551_21922
http://farm2.static.flickr.com/1061/1441699585_099235bf41.jpg,n03273551_24337
http://www.jazzitalia.net/lezioni/organo/Immagini/c3_1.gif,n03273551_26155
http://hanmay.tw/modules/Product_Intro/images/EleIns/midi005.gif,n03273551_27516
http://farm1.static.flickr.com/48/137541962_e57e2aa1c7.jpg,n03273551_28907
http://img.youtube.com/vi/poCLSVvHk8s/0.jpg,n03273551_1358
http://farm4.static.flickr.com/3272/2345743463_3286984a9d.jpg,n03273551_4894
http://www.pentecostalmusicians.com/ResourceMedia/HammondOrgan.jpg,n03273551_9854
http://farm4.static.flickr.com/3016/2604060226_8806094b84.jpg,n03273551_13956
http://www.remix-usa.com/Images/newb3-01.jpg,n03273551_15439
http://www.newhammondorgans.com/organs/overhead/xh272-overhead.jpg,n03273551_15912
http://mitkadem.homestead.com/files/ELP/Hammon_l100_organ.jpg,n03273551_16683
http://www.yamahaorgans.com/images/yamahastyles/copy-of-yamaha-keyboards-bb.jpg,n03273551_17574
http://farm4.static.flickr.com/3170/2385675349_3c13b98968.jpg,n03273551_21870
http://www.urbanmusic.com/B-300.jpg,n03273551_26550
http://www.57piano.com/C87955OHAMMOND.jpg,n03273551_26592
http://farm1.static.flickr.com/177/435522438_3bf1c4cb90.jpg,n03273551_29066
http://static.flickr.com/53/126797958_6cdc86dc10.jpg,n03273551_45
http://static.flickr.com/40/81054404_72509b7647.jpg,n03273551_1118
http://thumbs2.ebaystatic.com/pict/1802468861234040_1.jpg,n03273551_5187
http://www.bcorganandservice.com/images/organ_285-A.jpg,n03273551_5961
http://www.gakki.com/catalog38/hammond_mouth_organ.jpg,n03273551_6468
http://www.hammond.de/images/aurora-century-100er-serie.jpg,n03273551_8870
http://www.tompetro.com/HAMMOND/ORGANS/TOMPETROHAMMOND2.jpg,n03273551_12902
http://lh4.ggpht.com/_SQOIQyRhTn4/SGC0jiNBaWI/AAAAAAAAA9c/58reLJIAkSk/IMG_2011.JPG,n03273551_26195
http://www.b3hammond.com/images/gallery/th_b3-65603-2.JPG,n03273551_846
http://farm1.static.flickr.com/36/81061784_a1dc7a2e2a.jpg,n03273551_2079
http://farm3.static.flickr.com/2266/2317150598_dd35ef833a.jpg,n03273551_4590
http://farm1.static.flickr.com/38/81063594_6b93bade0f.jpg,n03273551_6488
http://www.remix-usa.com/Images/portab06_ad.jpg,n03273551_6817
http://theatreorgans.com/hammond/dutchhammondsite/pictures/models/A100.jpg,n03273551_10604
http://farm4.static.flickr.com/3033/2556404383_3b0b42e8b7.jpg,n03273551_19410
http://cafcom.free.fr/vop/hammond.jpg,n03273551_22909
http://farm3.static.flickr.com/2351/1863420326_096762c832.jpg,n03273551_25999
http://farm4.static.flickr.com/3190/2317151022_8eb148528b.jpg,n03273551_27892
http://www.nycfarmboy.com/d152/d7.jpg,n03273551_4716
http://farm4.static.flickr.com/3282/2640555763_8e7348a949.jpg,n03273551_4832
http://farm1.static.flickr.com/37/81060187_9025a1c063.jpg,n03273551_6829
http://farm2.static.flickr.com/1417/634959207_ab9625a8cc.jpg,n03273551_8046
http://farm3.static.flickr.com/2375/2267212055_6710ace01a.jpg,n03273551_10102
http://farm2.static.flickr.com/1045/700632340_1b42059758.jpg,n03273551_12962
http://www.daveswoodenwonders.com/1947BV.jpg,n03273551_15613
http://farm4.static.flickr.com/3107/2333074803_a9e0567e4f.jpg,n03273551_16832
http://farm1.static.flickr.com/184/406602467_38ea183a63.jpg,n03273551_20323
http://farm4.static.flickr.com/3052/2595621077_7ff9153b2b.jpg,n03273551_22217
http://www.jazzitalia.net/artisti/immagini/vitodimodugno2_1.jpg,n03273551_24508
http://www.mcadoopiano.ca/files/216,n03273551_28066
http://farm1.static.flickr.com/113/289582737_390c79760a.jpg,n03273551_1710
http://farm3.static.flickr.com/2313/1564633220_490d1baf17.jpg,n03273551_6516
http://www.b3hammond.com/images/gallery/th_b3-76538-1.JPG,n03273551_16372
http://www.riffactory.com/Images/b3-organ.gif,n03273551_16399
http://www.ssamnet.com/up_files/band/1086/hammond_b3_organ_s.jpg,n03273551_20926
http://farm3.static.flickr.com/2306/2346574488_eecb85e8d4.jpg,n03273551_23628
http://www.thepianoworld.com/images/ebay_sales/Hammond%20chord%2002.jpg,n03273551_25628
http://www.keyboardpartner.de/hammond/pics/ttr-100frnt.jpg,n03273551_28176
http://farm3.static.flickr.com/2118/1922092697_bba5b2ab3d.jpg,n03273551_4919
http://farm3.static.flickr.com/2278/2364472827_0c1c96d942.jpg,n03273551_9849
http://www.nortel.com/corporate/corptime/images/1940_1949/1946_t_organ.jpg,n03273551_12689
http://farm1.static.flickr.com/215/467711153_bdb1e31622.jpg,n03273551_22922
http://farm4.static.flickr.com/3268/2586782348_35e5da2c1a.jpg,n03273551_24498
http://farm2.static.flickr.com/1182/1292353439_429f55ea99.jpg,n03273551_26440
http://farm3.static.flickr.com/2136/2608866082_22d0714a05.jpg,n03273551_4593
http://www.radiochroma.com/sitebuilder/images/Hammond_1_-525x316.jpg,n03273551_9620
http://www.ideasuono.it/web/wp-gallery/pellegrini/Mani-Hammond.jpg,n03273551_14203
http://farm2.static.flickr.com/1262/1456958176_349e90620d.jpg,n03273551_14515
http://farm3.static.flickr.com/2414/2415926159_11544a11ac.jpg,n03273551_20251
http://farm1.static.flickr.com/158/419517843_50dc3b7980.jpg,n03273551_20295
http://www.jazzorganister.com/images/b3_full.jpg,n03273551_20845
http://farm3.static.flickr.com/2147/1510123348_2f33240219.jpg,n03273551_22193
http://www.iajo.org/iajo04/italy/marsico.jpg,n03273551_26100
http://www.bookofhours.net/images/ulf-hammond.jpg,n03273551_26232
http://www.organ.co.uk/king/hammond/images/hammond2.jpg,n03273551_26862
http://www.urbanmusic.com/H-111.jpg,n03273551_5622
http://content.answers.com/main/content/wp/en/thumb/7/77/200px-Magnus_890_electric_chord_organ.JPG,n03273551_6506
http://farm4.static.flickr.com/3283/2317140870_19bdfc51ec.jpg,n03273551_7242
http://www.gakki.com/catalog56/hammond_XB3_1.JPG,n03273551_11332
http://www.bcorganandservice.com/images/organ_C3.jpg,n03273551_13583
http://www.hammond.at/images/b-3000-gebrauchtmarkt.jpg,n03273551_14860
http://lightfoote.com/DSC00007.jpg,n03273551_15981
http://gfx.sheetmusicplus.com/store/060x080/HL-50449479.GIF,n03273551_8789
http://farm3.static.flickr.com/2025/2437464893_656c856908.jpg,n03273551_9286
http://farm4.static.flickr.com/3067/2345759529_e7e0bfccbe.jpg,n03273551_9899
http://farm1.static.flickr.com/172/436894967_53737b4aae.jpg,n03273551_12887
http://www.hancockpianosandorgans.com/photos/organs/e100_1.jpg,n03273551_14387
http://static.flickr.com/2187/2247888558_3047350f70.jpg,n03273551_14507
http://farm3.static.flickr.com/2187/1561834447_30519cb07e.jpg,n03273551_16973
http://jlhammond.galeon.com/instrumentos/b-3.jpg,n03273551_22264
http://www.classicorgan.com/organs/Hammond/images/935Classic.jpg,n03273551_27326
http://farm4.static.flickr.com/3041/2319726598_beeea75504.jpg,n03273551_1606
http://farm1.static.flickr.com/140/334585466_938d85c16b.jpg,n03273551_4953
http://farm3.static.flickr.com/2329/2316336655_274668c2b4.jpg,n03273551_5740
http://www.jazzworks.co.uk/images/sam3.jpg,n03273551_12377
http://hicksorganservice.net/images/hammondcherry.jpg,n03273551_27214
http://www.mymusicmakers.com/1-Photos/Hammond%20CX-1%20Organ.jpg,n03273551_6997
http://farm1.static.flickr.com/99/310202680_8f19b3f809.jpg,n03273551_11166
http://farm4.static.flickr.com/3032/2759701228_15c78aaf85.jpg,n03273551_18669
http://www.larrylupole.com/images/Hammond_01.jpg,n03273551_29002
http://www.xelenio.com/immavar/b4ii_mainscreen.jpg,n03273551_3521
http://studiomusik.free.fr/organmain.jpg,n03273551_3581
http://farm3.static.flickr.com/2152/2375893894_223d4b75c2.jpg,n03273551_11876
http://farm1.static.flickr.com/225/444601112_4e2ac07c46.jpg,n03273551_13704
http://farm4.static.flickr.com/3130/2571843787_ff8dc528c5.jpg,n03273551_16104
http://farm4.static.flickr.com/3205/2709978739_1ae192a919.jpg,n03273551_16310
http://static.flickr.com/18/22894357_cb22a5561b.jpg,n03273551_22929
http://www.mercatinomusicale.com/allegati_small/698891.jpg,n03273551_24274
http://farm4.static.flickr.com/3003/2586774246_01aedfaf6a.jpg,n03273551_24386
http://farm2.static.flickr.com/1190/1394051311_14261fe583.jpg,n03273551_25001
http://2006.sxsw.com/img/bands/2059.jpg,n03273551_26171
http://farm3.static.flickr.com/2076/1513865229_5ca854c71c.jpg,n03273551_588
http://farm1.static.flickr.com/165/334585475_b926b1e277.jpg,n03273551_1855
http://farm4.static.flickr.com/3150/2544966807_ab10d55692.jpg,n03273551_5962
http://hodgespianoandorgan.com/photogallery/photo00017514/organ.jpg,n03273551_6016
http://farm3.static.flickr.com/2086/2313597779_3074a408c6.jpg,n03273551_12853
http://farm1.static.flickr.com/38/107401535_8b6506b69f.jpg,n03273551_13407
http://www.palersproject.com/looking-glass/jeremy1.jpg,n03273551_17914
http://www.ericmenken.com/hammondorgan.jpg,n03273551_19916
http://www.hammond.de/images/071-aurora-custom.jpg,n03273551_24171
http://theatreorgans.com/hammond/keng/kenhtml/oldHammond%20BV.jpg,n03273551_24437
http://farm1.static.flickr.com/83/233988198_9a17737ddb.jpg,n03273551_8366
http://farm3.static.flickr.com/2246/2502276207_5c72bde921.jpg,n03273551_17726
http://static.flickr.com/1061/875834284_b83aae97b0.jpg,n03273551_29287
http://farm3.static.flickr.com/2267/1968563010_7831a86fa8.jpg,n03273551_2008
http://www.eboardmuseum.com/FOTO%20HAMMOND%20S%20100%201.jpg,n03273551_4427
http://farm1.static.flickr.com/65/197479902_93f59d945a.jpg,n03273551_4470
http://www.hammondstore.com/images/chop/chop-rg-open_350.jpg,n03273551_10929
http://farm1.static.flickr.com/40/81053333_ed3e86998e.jpg,n03273551_27385
http://pages.infinit.net/yumbambe/jpegs/M3_114448/Organ1.jpg,n03273551_307
http://farm3.static.flickr.com/2102/2373829056_351d767226.jpg,n03273551_3030
http://farm1.static.flickr.com/25/103415882_9200ee7fb1.jpg,n03273551_4178
http://farm1.static.flickr.com/77/195491897_778455636f.jpg,n03273551_6456
http://www.rm-r.net/fender/hammond/Hammond.JPG,n03273551_11844
http://farm1.static.flickr.com/115/302050799_c05b5df22a.jpg,n03273551_17125
http://www.hammondorgancenter.com/images/newproducts/duo_top_only.jpg,n03273551_20075
http://www.everydamnday.com/images/js_hammond.jpg,n03273551_21392
http://www.annunciora.it/adpics/4826ec0554e612718c8c8c7ba.jpg,n03273551_21502
http://www.organstudio.com/images/consegne/busoni.jpg,n03273551_21512
http://static.flickr.com/81/224448857_c23ebecbc8.jpg,n03273551_21888
http://www.hipwax.com/music/oddpop/O_fig/organ.jpg,n03273551_22027
http://www.bonkpianosandorgans.com/sitebuilder/images/HPIM0079-460x342.jpg,n03273551_22763
http://farm3.static.flickr.com/2085/2467652759_bcc01524e1.jpg,n03273551_23228
http://www.musiciansmedia.co.za/d/648-1/Keyboard_Hammond+Electronic+organ.JPG,n03273551_28242
http://www.garybaldwin.co.uk/Gallery/Images/Organ_at_Ronnies_300.jpg,n03273551_11109
http://www.gakki.com/catalog28/hammond_xb3m_2.jpg,n03273551_15185
http://www.chicaband.net/Curriculum_ok_files/Immagine_043.jpg,n03273551_15329
http://theaterorgans.com/hammond/keng/kenhtml/Figure%206s.%20Ken's%20AV%20keyboards-closeup.JPG,n03273551_18454
http://mkp.net/~mkp/organ/tn/b3-2.jpg,n03273551_21865
http://farm1.static.flickr.com/118/306096624_afbd13a268.jpg,n03273551_233
http://farm1.static.flickr.com/195/492826560_898f0cf3bd.jpg?v=0,n03273551_1186
http://static.flickr.com/55/140161891_65d519ba87.jpg,n03273551_3419
http://farm4.static.flickr.com/3287/2608825644_6c17cc0990.jpg,n03273551_6673
http://farm1.static.flickr.com/154/417173595_22b045882d.jpg,n03273551_8661
http://img237.imageshack.us/img237/7193/hammondromance123xlvo2.jpg,n03273551_16675
http://farm1.static.flickr.com/132/423103821_d5869d107e.jpg,n03273551_5610
http://farm3.static.flickr.com/2031/2260979767_fc6fbf1548.jpg,n03273551_9164
http://www.bandatolfa.it/foto%20strumenti/organo%20Hammond.jpg,n03273551_14276
http://farm4.static.flickr.com/3065/2317155850_8bca991198.jpg,n03273551_18788
http://www.audiodogstudio.com/index_files/hammondorgan.jpg,n03273551_18904
http://farm3.static.flickr.com/2013/2333903328_e1047d8daf.jpg,n03273551_19749
http://www.musicadventures.com/italy/magazine/newstrumenti/hendry/images/nordelectro.jpg,n03273551_21361
http://www.csulb.edu/~djacques/Hammond%20B3%201961.jpg,n03273551_23360
http://www.annieandtheorphans.com/pictures/Pete%20at%20the%20Hammond%20Organ.jpg,n03273551_25385
http://www.mentesdeacido.net/articulos/organohammond/organo1.jpg,n03273551_3596
http://www.hirata-koubou.com/music/essay/hammond3.jpg,n03273551_11226
http://farm4.static.flickr.com/3097/2640552833_54312e0534.jpg,n03273551_16269
http://farm3.static.flickr.com/2015/2079083788_7da9cb6253.jpg,n03273551_18402
http://netti.nic.fi/~pazi/whippingpost/kuvat/hammond.jpg,n03273551_18443
http://www.kindakinky.co.uk/images/hammond_b3.jpg,n03273551_20384
http://farm1.static.flickr.com/169/425999245_c2aa4601a6.jpg,n03273551_22114
http://static.flickr.com/1325/768016163_e836510dd7.jpg,n03273551_28982
http://musicbookworld.com/hammond_keys.jpg,n03273551_157
http://www.tcpfeiler.com/tcpfeiler/pix/1977_05_XX_Sbg_TC_C3_02_A.jpg,n03273551_5059
http://www.hammond.at/images/m-100-hammond.jpg,n03273551_6337
http://beta.asoundstrategy.com/sitemaster/userUploads/site153/910_mid.jpg,n03273551_13001
http://homepage.ntlworld.com/whitbystudios/hammond_325x193.jpg,n03273551_13022
http://lh6.ggpht.com/_AgNsFs1hxfg/Rm3sUoGKZjI/AAAAAAAAARk/R0Qwa4iMTAA/P1000115.JPG,n03273551_19049
http://www.orangewhip.com/gear/photos/hammond.jpg,n03273551_23872
http://farm2.static.flickr.com/1438/700633838_a4ee41dabe.jpg,n03273551_25115
http://i8.ebayimg.com/08/i/000/dc/c8/ec12_2.JPG,n03273551_28092
http://farm4.static.flickr.com/3171/2316336033_86abb41ea6.jpg,n03273551_15736
http://farm3.static.flickr.com/2004/2279657438_d28b25a60b.jpg,n03273551_17404
http://www.theblockheads.com/_content/images/biog/mick.jpg,n03273551_28879
http://www.cavallimusica.com/photos/seminari/album/hammond-day/hammondXE200sp.gif,n03273551_1775
http://farm2.static.flickr.com/1261/839734954_179391efb8.jpg,n03273551_1880
http://www.freedomguitar.com/images/hammondm32812.jpg,n03273551_4982
http://www.barattomusicale.com/adpics/47ed8e6d316a63afc609b2095.jpg,n03273551_6004
http://farm2.static.flickr.com/1183/1311690639_b5499bc35e.jpg?v=0,n03273551_11949
http://farm1.static.flickr.com/132/406602638_af4ce5af7b.jpg,n03273551_23226
http://antiques-internet.com/colorado/btsestates/images/IG794-1.jpg,n03273551_23531
http://www.b3sforsale.com/1959a_100_pics/a-100_Generator_in_1.jpeg,n03273551_23736
http://static.flickr.com/1025/527730795_b7826406ee.jpg,n03273551_24273
http://farm1.static.flickr.com/112/280789139_1427d2a726.jpg,n03273551_27958
http://farm2.static.flickr.com/1245/1423474203_491fde79c8.jpg,n03273551_2610
http://www.catchpurple.com/images/Doc%20Hammond.jpg,n03273551_11523
http://juzzy.xinwen365.net/admin/data/70/hammondl100.jpg,n03273551_12380
http://farm1.static.flickr.com/150/391614059_7791780035.jpg,n03273551_17303
http://www.pianoorgandepot.com/Specials/XK-3.jpg,n03273551_19629
http://farm2.static.flickr.com/1421/1236616128_0f8e2bff43.jpg,n03273551_22161
http://boldt.us/4820-4/hammond-c3-organ,n03273551_24682
http://www.mercatinomusicale.com/allegati/719785.jpg,n03273551_25935
http://farm3.static.flickr.com/2193/2333076509_da2471a63b.jpg,n03273551_26099
http://216.77.188.54/coDataImages/p/Groups/152/152756/pages/372058/Bill.jpg,n03273551_16
http://farm3.static.flickr.com/2001/2763518686_dc66d3b6cd.jpg,n03273551_10069
http://www.bostonorganandpiano.com/images/pre_hammond_a100.jpg,n03273551_10252
http://theatreorgans.com/hammond/keng/Kenhtml/Conn%20organ%20643.jpg,n03273551_11509
http://static.flickr.com/163/373826557_7e5e76989b.jpg,n03273551_17895
http://farm1.static.flickr.com/206/505324217_816565f56a.jpg,n03273551_18327
http://www.sweetwater.com/shop/keyboards/images/buying-guides/pro-keyboards/B3-leslie122.gif,n03273551_21096
http://farm1.static.flickr.com/212/504844615_e43fefd4c0.jpg,n03273551_23566
http://farm3.static.flickr.com/2072/1907294461_2dd2648786.jpg,n03273551_25366
http://farm1.static.flickr.com/183/412650109_ce7649b6e6.jpg,n03273551_25725
http://static.flickr.com/3109/2561902994_0b3db3e78e.jpg,n03273551_26111
http://digilander.libero.it/aquatarkus/Keyboards/organ.jpg,n03273551_28277
http://www.jimlaabs.com/ProdImages/organ-hammond-cms-103asm.jpg,n03273551_640
http://www.hammond-organ.com/Museum/image_directory/a100a_thumb.jpg,n03273551_26082
http://www.nylund-son.se/img_dvd_keyboard/hammond.jpg,n03273551_546
http://www.tompetro.com/HAMMOND/PARTS/leshorn.jpg,n03273551_2013
http://farm2.static.flickr.com/1349/845423803_e214c4db2b.jpg,n03273551_2234
http://farm3.static.flickr.com/2238/2481362643_5864f65936.jpg,n03273551_10786
http://i17.ebayimg.com/02/i/000/e9/84/d724_2.JPG,n03273551_11106
http://farm2.static.flickr.com/1137/532885003_098566069a.jpg,n03273551_14841
http://static.flickr.com/37/101113036_f8306020fa.jpg,n03273551_19932
http://www.themoderators.co.uk/thumbnail.php?src=biography/Image5.jpg&size=200,n03273551_22078
http://www.thehighwaystar.com/rosas/faq/equip/keys1.jpg,n03273551_27213
http://www.hammondstore.com/images/c2.jpg,n03273551_4015
http://farm2.static.flickr.com/1117/1055016037_9293518f69.jpg,n03273551_4667
http://www.houseofvibes.com/equipment/graphics/ehammond-organ.jpg,n03273551_7319
http://www.vancouverbee.com/user_media/logo/images/1113.jpg,n03273551_17415
http://www.tompetro.com/HAMMOND/SOLD/A265/DSC04428.JPG,n03273551_2649
http://farm4.static.flickr.com/3168/2591731672_9b01ce1169.jpg,n03273551_3379
http://farm2.static.flickr.com/1347/699513865_d2ce9bbada.jpg,n03273551_8742
http://www.schimmel.talktalk.net/organs/hammond.jpg,n03273551_10641
http://farm3.static.flickr.com/2185/2152512515_50f873b1e8.jpg,n03273551_15787
http://www.big-organization.org/kuvat/Hammond_t4.jpg,n03273551_17022
http://www.b3monaco.com/prepix/tonlon.jpg,n03273551_18874
http://www.pieranar.com/hammond/hammond_images/Hammond%20E100.GIF,n03273551_20138
http://www.nycfarmboy.com/d152/d2.jpg,n03273551_23578
http://farm3.static.flickr.com/2197/2405140407_53456c82cd.jpg,n03273551_23893
http://farm4.static.flickr.com/3037/2441358111_df4bd316f2.jpg,n03273551_2245
http://static.flickr.com/195/512149855_8e31f64773.jpg,n03273551_2851
http://farm1.static.flickr.com/21/29703080_7fa081a178.jpg,n03273551_5291
http://www.hammondstore.com/images/buckwheat-live2.png,n03273551_9640
http://www.toneonwheels.com/images/hammond1.jpg,n03273551_10172
http://farm2.static.flickr.com/1437/613775136_3f95a545ca.jpg,n03273551_10221
http://farm4.static.flickr.com/3136/2471826534_f1b0339f2c.jpg,n03273551_12803
http://digilander.libero.it/rogersflash/IMAG3801.jpg,n03273551_13379
http://www.tc.pfeiler.umm.at/tcpfeiler/pix/1996_03_XX_Maria_Lanzendf_TC_rotes_Hemd_12.jpg,n03273551_27364
http://www1.mipa-award.de/organ.jpg,n03273551_6585
http://farm2.static.flickr.com/1109/567652616_168b7b9755.jpg,n03273551_16791
http://farm2.static.flickr.com/1326/709044133_6d8346f532.jpg,n03273551_17080
http://farm4.static.flickr.com/3289/2604557467_2b627f063e.jpg,n03273551_32
http://farm1.static.flickr.com/13/91937663_073ba40e95.jpg,n03273551_3135
http://www.btproductions.com/Gear/Nord%20C1/Nord-C1-small.jpg,n03273551_5761
http://www.pugetsoundorgan.com/images/hambc4633.jpg,n03273551_6656
http://www.differentlands.com/it/services/didactics/instruments/electronics/img/hamfem.gif,n03273551_7760
http://farm3.static.flickr.com/2011/2465887288_d3e90d657f.jpg,n03273551_8824
http://lightfoote.com/DSC00004.jpg,n03273551_25287
http://farm2.static.flickr.com/1181/1340292612_d950e75df4.jpg,n03273551_25648
http://www.justtony.biz/images/duncan-on-the-organ.jpg,n03273551_28756
http://www.organhouse.com/hamrmchord_small.jpg,n03273551_2677
http://farm4.static.flickr.com/3062/2333903520_b488f9e507.jpg,n03273551_3783
http://www.pugetsoundorgan.com/images/HammondE-0.jpg,n03273551_4131
http://www.hammond.de/images/059-hammond-t-500.jpg,n03273551_4775
http://farm3.static.flickr.com/2348/2346980204_6cdc5ca061.jpg,n03273551_6289
http://www.nycfarmboy.com/cv/cv9b.jpg,n03273551_7678
http://static.flickr.com/1190/537365219_d2c033855c.jpg,n03273551_9170
http://www.adxhosting.com/acatalog/hammond-b3-organ-s.jpg,n03273551_10092
http://www.soulbot.com/Hammond%20Organ_files/image002.jpg,n03273551_14075
http://www.euphonic.us/images/pict0009.jpg,n03273551_15833
http://magicalbeatletours.com/Imgp8488_s.jpg,n03273551_18639
http://home.att.net/~owen_labs/chord3.jpg,n03273551_21636
http://www.euphonic.us/images/Hammond_front.jpg,n03273551_25401
http://theatreorgans.com/xb3r.gif,n03273551_517
http://www.geocities.com/SunsetStrip/Palms/7497/Foto/germano.jpg,n03273551_12860
http://farm2.static.flickr.com/1304/775035846_dc4e2f6a52.jpg,n03273551_13962
http://www.pugetsoundorgan.com/images/ham_6a.jpg,n03273551_15562
http://farm1.static.flickr.com/187/416198597_b285741ff9.jpg,n03273551_26723
http://farm1.static.flickr.com/24/64459658_740c6f3a37.jpg,n03273551_2483
http://www.victoriahart.com/songs/images/Geraint-Watkins.jpg,n03273551_4776
http://www.gakki.com/catalog56/hammond_XB3_4.jpg,n03273551_15065
http://www.mercatinomusicale.com/allegati_small/829061.jpg,n03273551_15298
http://www.indypianoservice.com/sale/thumbs/yamaha_1s.jpg,n03273551_17523
http://www.jazzwax.com/images/2008/01/10/hammondorgan.jpg,n03273551_19157
http://theatreorgans.com/hammond/keng/kenhtml/Lenny%20Dee's%20Model%20A%20(AV)%20Hammond%20Organ.jpg,n03273551_20047
http://www.nostalgiacentral.com/images_music/georgief.jpg,n03273551_21304
http://farm4.static.flickr.com/3040/2609864695_623c88ba4c.jpg,n03273551_22137
http://www.pianoorgandepot.com/RT3/pic-2.jpg,n03273551_27965
http://www.steppenwolf.com/fromtheroad/wf99/goldyhands.jpg,n03273551_28469
http://perso.frogprog.mageos.com/bajab3.jpg,n03273551_879
http://website.lineone.net/~thebkc/xt100/XT100.jpg,n03273551_5885
http://static.flickr.com/1199/1394041509_73ad1634b9.jpg,n03273551_7402
http://www.organhouse.com/hamrmb3_small.jpg,n03273551_7478
http://static.flickr.com/1314/1394054147_1042c90022.jpg,n03273551_12390
http://farm1.static.flickr.com/150/423223353_efc17779ec.jpg,n03273551_13303
http://static.flickr.com/2036/2316346545_f0936e9223.jpg,n03273551_14010
http://farm3.static.flickr.com/2249/1952861499_7eea85f28c.jpg,n03273551_16877
http://static.flickr.com/120/306096477_5885fe2ad2.jpg,n03273551_20559
http://foros.emagister.com/imagenes_foros/1/3/0/2/3/144338xk1.jpg,n03273551_21014
http://www.hammondsocialclub.it/index_file/image004.jpg,n03273551_24660
http://www.hammond-organ.com/sales/images/X77_thumb.jpg,n03273551_28287
http://www.hammond-organ.com/sales/images/E112_2.jpg,n03273551_464
http://farm4.static.flickr.com/3259/2386493114_847e9db40b.jpg,n03273551_5452
http://farm1.static.flickr.com/127/414233496_7bd8dd8927.jpg?v=0,n03273551_6353
http://farm1.static.flickr.com/51/182037224_4226b51236.jpg,n03273551_9443
http://farm1.static.flickr.com/190/440094814_dc016551ae.jpg,n03273551_12801
http://www.nycfarmboy.com/cv/cv4b.jpg,n03273551_16586
http://www.idioteque.it/img/organohammond.jpg,n03273551_16745
http://www.fullspectrumaudio.com/hammond.JPG,n03273551_21456
http://www.midi-classics.com/th/t20907.jpg,n03273551_25831
http://farm4.static.flickr.com/3256/2572667356_ba4a810718.jpg,n03273551_27043
http://farm1.static.flickr.com/117/303544711_25db8137f8.jpg,n03273551_28873
http://static.flickr.com/2349/2317146134_3c21db4844.jpg,n03273551_558
http://farm3.static.flickr.com/2371/2498893507_b125c00b93.jpg,n03273551_671
http://www.bcorganandservice.com/images/organ_BC.jpg,n03273551_1525
http://farm3.static.flickr.com/2249/1699932802_b03a35bb8b.jpg,n03273551_10524
http://farm3.static.flickr.com/2056/2233909348_9df88cac20.jpg,n03273551_12969
http://www.keyboardsanctuary.com/images/b3keys.jpg,n03273551_28588
http://farm1.static.flickr.com/185/440094816_d36b1cf490.jpg,n03273551_162
http://static.flickr.com/2122/2419966917_bc2f9fe516.jpg,n03273551_5514
http://static.flickr.com/214/484660269_cbdfa17d65.jpg,n03273551_10634
http://www.albrechtauction.com/auctions/111005/PA250017_small.JPG,n03273551_11484
http://www.hammond.de/images/016-hammond-x-77-gt.jpg,n03273551_14371
http://static.flickr.com/225/535902719_2f773a523b.jpg,n03273551_15096
http://www.hickorystreetstudio.com/daOrgan.jpg,n03273551_16408
http://www.hammond.de/images/hammond-xb-2gebrauchtmarkt.jpg,n03273551_24206
http://www.heilsound.com/amateur/Images/LILBOB-s.jpg,n03273551_25538
http://farm1.static.flickr.com/84/246870272_56896678b8.jpg,n03273551_904
http://farm1.static.flickr.com/80/264532421_90519d6c6c.jpg,n03273551_1545
http://farm3.static.flickr.com/2372/2317151300_1aff3a1468.jpg,n03273551_2847
http://erineko.txt-nifty.com/nekoorgan/DSCF0049-thumb.JPG,n03273551_3147
http://www.studiomusica.it/Corso_di_Pianoforte/images/Organo_hammond_4_.gif,n03273551_14710
http://farm1.static.flickr.com/186/459372390_5603038910.jpg,n03273551_16208
http://beta.asoundstrategy.com/sitemaster/userUploads/site153/JW%201.jpg,n03273551_16458
http://www.ronlebar.com/images/a100s.jpg,n03273551_16588
http://upload.wikimedia.org/wikipedia/it/b/b5/Organo_Hammond.jpg,n03273551_16913
http://web.bryant.edu/~ehu/h364proj/fall_98/mcghee/21_21bethel4.jpg,n03273551_19255
http://farm4.static.flickr.com/3079/2545556000_c25d03fc49.jpg,n03273551_20909
http://farm3.static.flickr.com/2078/1808317581_b7182b4ddf.jpg,n03273551_22272
http://i192.photobucket.com/albums/z267/WaRyO/hammondorgan-1.jpg,n03273551_23179
http://www.xb3.net/ham2/productpics/xk-3add1.jpg,n03273551_23927
http://mkp.net/~mkp/organ/tn/a101chop-1.jpg,n03273551_26612
http://farm1.static.flickr.com/42/122441559_4b0b52195e.jpg,n03273551_1312
http://static.flickr.com/2392/1777291051_e3da65e220.jpg,n03273551_2404
http://farm4.static.flickr.com/3252/2709979543_9d76d90843.jpg,n03273551_4085
http://www.chucklevins.com/graphics/B-3_mid.jpg,n03273551_12375
http://farm4.static.flickr.com/3147/2576711201_93bb2aa4bb.jpg,n03273551_13776
http://www.classicorgan.com/images/HammondShowroom.jpg,n03273551_13823
http://farm4.static.flickr.com/3166/2781510605_9131fa0ea5.jpg,n03273551_19464
http://www.hammond-organ.com/Museum/image_directory/a100c_thumb.jpg,n03273551_23856
http://farm2.static.flickr.com/1307/699767809_15c139089c.jpg,n03273551_24725
http://www.retromedia.net/Web_08_Pics/HammondChordOrgan07sm.jpg,n03273551_25439
http://i15.ebayimg.com/02/i/000/f8/6b/1836_1.JPG?set_id=7,n03273551_26404
http://christiantshirts.com/sup/CH/christiantshirts/images/organ4.jpg,n03273551_1318
http://www.reussenzehn.de/images/pics/organ_2.gif,n03273551_7203
http://farm1.static.flickr.com/99/368080106_2fc608da57.jpg,n03273551_10559
http://www.aurumrecording.com/images/hammond-b3.jpg,n03273551_13529
http://farm1.static.flickr.com/146/402790280_634291117b.jpg,n03273551_16817
http://farm2.static.flickr.com/1081/700632880_dfee716777.jpg,n03273551_20106
http://www.semplicementemusica.it/images/p091_1_00.jpg,n03273551_28757
http://static.flickr.com/2053/2046859451_0032ff0053.jpg,n03273551_417
http://www.urbanmusic.com/T-262.jpg,n03273551_2602
http://digitalbear.com/images/tourframes/tourframe9.jpg,n03273551_7814
http://static.flickr.com/1406/845386443_aab7a86035.jpg,n03273551_10473
http://www.pugetsoundorgan.com/images/HammondE2.jpg,n03273551_12624
http://farm1.static.flickr.com/120/288152662_1648a36dc8.jpg,n03273551_16452
http://www.b3hammond.com/images/gallery/th_b3-66249-1.JPG,n03273551_16730
http://farm1.static.flickr.com/155/401315996_e2b6fdeb55.jpg,n03273551_18430
http://www.stalbansorgantheatre.org.uk/site/photos/hammond.jpg,n03273551_25156
http://farm1.static.flickr.com/39/81053860_0e8da4e6e2.jpg,n03273551_26943
http://farm3.static.flickr.com/2241/1862631499_7a788ec414.jpg,n03273551_29176
http://www.bandinbostonpodcast.com/imgs/flop/organ.jpg,n03273551_104
http://www.overdubit.com/B3%20001edit.jpg,n03273551_10852
http://www.fredmyers.com/images/708_Used_C3_Hammond.jpg,n03273551_12312
http://www.bluesandblues.it/strument/organo3.JPG,n03273551_13191
http://farm4.static.flickr.com/3151/2465060853_de197c53c6.jpg,n03273551_13265
http://cdn-www.expertvillage.com/showImage.aspx?site=21&fn=organ-rock-hammond.jpg,n03273551_13460
http://farm1.static.flickr.com/2/1339719_7696ba9ad6.jpg,n03273551_14059
http://cablemodem.fibertel.com.ar/consultoresasociados/dal/syntheway/mhb3.jpg,n03273551_16016
http://farm1.static.flickr.com/64/197485160_17e02c5178.jpg,n03273551_22039
http://farm4.static.flickr.com/3158/2758860555_811fd98c36.jpg,n03273551_1230
http://farm2.static.flickr.com/1215/1438579859_ed4c68267a.jpg,n03273551_5241
http://www.gardenwall.it/garden%20wall/trespass_files/mellotron_MKII.gif,n03273551_6139
http://www.ericklopp.com/mt/ekblog/archives/hammond08.jpg,n03273551_9929
http://www.hammond.de/images/038-hammond-x-5.jpg,n03273551_11163
http://www.notlos.com/pictures/JSmith2.jpg,n03273551_12320
http://www.procolharum.com/99/p/lp_farfisa1.jpg,n03273551_16692
http://farm1.static.flickr.com/173/444601126_d9d0fd94d4.jpg,n03273551_20288
http://www.maggiesfarmrecording.com/images/organ_L.jpg,n03273551_20921
http://www.coelnet.it/materiali/newOrgano.jpg,n03273551_22315
http://farm3.static.flickr.com/2177/1968579608_6413c7e912.jpg,n03273551_23814
http://www.hammond-organ.com/Museum/image_directory/a100b_thumb.jpg,n03273551_26666
http://www.nevessa.com/img/organ.jpg,n03273551_11269
http://static.flickr.com/3240/2604557593_15e2f8c9c7.jpg,n03273551_11719
http://www.mclemoreavenue.com/images/m3cdcover1.jpg,n03273551_12310
http://johngardnermusic.com/images/johnb3.jpg,n03273551_13127
http://buffalocreekmusic.com/img/hammonds.jpg,n03273551_15445
http://cdn-www.expertvillage.com/showImage.aspx?site=21&fn=organ-rock-volume.jpg,n03273551_17369
http://www.tompetro.com/DEBTOMJASON.jpg,n03273551_18582
http://farm3.static.flickr.com/2088/1728216643_ac58ae8639.jpg,n03273551_3532
http://static.flickr.com/42/81064237_44302e2da0.jpg,n03273551_12886
http://www.ultraelectronicactive.com/Media/Equip/Classic-Organs/Hammond-M-112-NEW.jpg,n03273551_13988
http://farm1.static.flickr.com/59/197480202_05968e0e8b.jpg,n03273551_15911
http://farm1.static.flickr.com/129/417173584_e0bea5d8da.jpg,n03273551_16733
http://farm3.static.flickr.com/2254/2633377357_7907ecd55f.jpg,n03273551_17867
http://www.organstop.com/Hammond%20Elegante.JPG,n03273551_22415
http://farm4.static.flickr.com/3010/2548594395_32e70c48ab.jpg,n03273551_23627
http://pages.videotron.com/yumbambe/jpegs/A100_41576/Organ3.jpg,n03273551_6883
http://farm1.static.flickr.com/118/301252736_6c76041f71.jpg,n03273551_9323
http://www.woodstockpianoandmusic.com/images/Hammondthmb.jpg,n03273551_9957
http://www.ericklopp.com/mt/ekblog/archives/hammond07.jpg,n03273551_11709
http://members.tripod.com/annrose_g/500a.jpg,n03273551_16904
http://farm1.static.flickr.com/254/457601389_33529a8b7f.jpg,n03273551_21178
http://www.b3hammond.com/images/gallery/th_ch-b3-83748-2.JPG,n03273551_21971
http://static4.bareka.com/photos/medium/9251839.jpg,n03273551_22875
http://img.adoosimg.com/53089757ffb72e02ba7f1fa7a508-1-3.jpg,n03273551_25240
http://farm2.static.flickr.com/1434/768015911_210984c299.jpg,n03273551_4459
http://farm2.static.flickr.com/1321/832583514_31a8493e5b.jpg,n03273551_6154
http://farm3.static.flickr.com/2117/2169049043_c41fbe8caf.jpg,n03273551_14605
http://www.urbanmusic.com/XB-3.jpg,n03273551_15996
http://i20.ebayimg.com/06/i/000/f0/2e/2727_12.JPG,n03273551_21415
http://storemusicalinstruments.com/_cache/Keyboard%20Piano/img/Hammond_keyboard_Piano_4.jpg,n03273551_25248
http://farm3.static.flickr.com/2082/2461019311_d7acbc31a3.jpg,n03273551_3671
http://farm4.static.flickr.com/3137/2470054686_5c9a336881.jpg,n03273551_4682
http://farm1.static.flickr.com/4/7638924_e5173f8bda.jpg,n03273551_8119
http://static.flickr.com/1056/634959387_62641b8e61.jpg,n03273551_8281
http://www.colemanmusic.net/image/30704510_scaled_225x265.jpg,n03273551_9086
http://www.dereto.com.mx/user/images/2031/20319580.jpg,n03273551_9377
http://www.strumentiusati.it/users/images/annunci/small/715_1_1204_small.jpg,n03273551_12967
http://www.musicpictures.com/ln_pictures/sysiphus/mpcom/100/AL1001_HAMMOND_ORGAN_1.JPG,n03273551_13427
http://farm1.static.flickr.com/23/29703081_0e0b7c9997.jpg,n03273551_14117
http://farm3.static.flickr.com/2057/2452702729_446c56b0bd.jpg,n03273551_15347
http://www.jimlaabs.com/ProdImages/organ-hammond-builtinlesliesm.jpg,n03273551_16504
http://farm3.static.flickr.com/2120/2166502202_0b1e5dd6e1.jpg,n03273551_18643
http://www.madhat.co.uk/Images/Equip/Hammond.jpg,n03273551_19068
http://www.hammond.no/hammond004002.jpg,n03273551_28332
http://celedoniaorgan.com/Local_Service/cv.jpeg,n03273551_28989
http://farm2.static.flickr.com/1077/975859347_d9c4e9f48b.jpg,n03273551_29034
http://www.towntalk.ca/photos/14-1191949310.jpg,n03273551_979
http://farm1.static.flickr.com/192/500671293_e2da13c9b9.jpg,n03273551_7970
http://www.psrtutorial.com/L/3K/Assets/HamB3.gif,n03273551_9695
http://xoomer.virgilio.it/cristianoandrea/vox2x.jpg,n03273551_12115
http://www.enricobassi.it/compactsynth.JPG,n03273551_18731
http://www.wersiano.nl/DaviWB/jpg/orgelclub%20gelderland%202003/Jelle%20bij%20Orgel%20&%20Keyboardclub%20Gelderland%2026%20Sept.JPG,n03273551_20636
http://farm4.static.flickr.com/3270/2760078477_25488a894d.jpg,n03273551_21023
http://www.tapeop.com/john/photos/images/gear/hammod2.jpg,n03273551_26722
http://farm1.static.flickr.com/52/106223418_40f7fbd42c.jpg,n03273551_27443
http://farm3.static.flickr.com/2214/1590418718_508ea43468.jpg,n03273551_2117
http://vintageorgans.com/hammond/rt3-hou-2/2.jpg,n03273551_2426
http://www.oaktreeent.com/web_photos/keyboards/Hammond_M3_Organ_Main_web.jpg,n03273551_3402
http://static.flickr.com/60/154510336_03436405e6.jpg,n03273551_4847
http://www.retroaudiolab.com/pictures/equip/b2/small_b2keyboard.jpg,n03273551_5903
http://farm1.static.flickr.com/55/171624373_2da43bb0e3.jpg,n03273551_10179
http://farm3.static.flickr.com/2418/2317113012_d14b050f72.jpg,n03273551_11773
http://static.flickr.com/66/183456147_92eee3fb58.jpg,n03273551_13025
http://derylwinston.com/images/B3_L.jpg,n03273551_14255
http://farm1.static.flickr.com/56/139528291_677b2abfd5.jpg,n03273551_15030
http://www.pink-floyd.org/report/paris/photo/photo15.jpg,n03273551_15885
http://www.gakki.com/catalog58/hammond_XB3_6.jpg,n03273551_19941
http://i78.photobucket.com/albums/j103/flyer59/playing.jpg,n03273551_21359
http://www.peterboroughorgancentre.co.uk/images/XH200_small_jpg.jpg,n03273551_23610
http://www.camino-oderzo.it/foto/varie/chiesa/chiesa_organo.jpg,n03273551_24402
http://www.myplanet.net/x77dude/h-112.jpg,n03273551_26950
http://farm1.static.flickr.com/43/107401537_1431cef9f7.jpg,n03273551_1603
http://farm1.static.flickr.com/168/414233744_45adc146a8.jpg,n03273551_2422
http://kidslink.bo.cnr.it/aldomoro/aldomoro/musica/immagini/elettrici/organohammond.jpg,n03273551_23866
http://new.electricearl.com/organ-3.gif,n03273551_833
http://www.akikojazz.com/photo/shop/3288_cover.jpg,n03273551_3291
http://www.submergentmusic.com/studio/gearpics/hammond.jpg,n03273551_17467
http://www.ece.drexel.edu/CSPL/chris/images/M3organ.jpg,n03273551_17548
http://www.atos.org/Pages/Journal/Crawford/JC_Hammond.jpg,n03273551_24280
http://www.gakki.com/catalog27/hammond_CH1000.JPG,n03273551_25951
http://www.hammondorgan.co.uk/m/xk33_425.jpg,n03273551_28772
http://www.keyboardexchange.com/video/organ.jpg,n03273551_29142
http://farm3.static.flickr.com/2284/2316344209_26a37a8518.jpg,n03273551_3011
http://images01.trafficz.com/image.php?FilePath=h3w4/1188341863_keyboard_ca.jpg&Width=500,n03273551_5862
http://www.hammondorgancenter.com/images/used/a100fp.jpg,n03273551_13565
http://www.estate2go.com/hammond_100.jpg,n03273551_14424
http://farm1.static.flickr.com/170/416199025_dcb084330a.jpg,n03273551_20013
http://farm1.static.flickr.com/113/294457360_f557166053.jpg,n03273551_21193
http://farm1.static.flickr.com/38/107624749_d31c3b252a.jpg,n03273551_869
http://farm1.static.flickr.com/49/140162482_3ccaf4d454.jpg,n03273551_1547
http://www.ishibashi.co.jp/academic/history_of_the_keyboards/organ/gif/hammond_b-3s.jpg,n03273551_2278
http://static.flickr.com/80/206390312_4256a81584.jpg,n03273551_2988
http://farm3.static.flickr.com/2061/2375057619_662de79f62.jpg,n03273551_11929
http://www.gospel.bo.it/albums/userpics/10219/thumb_Rifflessi_organo_elettrico_marca_sconosciuta_vista1.jpg,n03273551_16270
http://static.flickr.com/2043/1967761969_106a5c9d4a.jpg,n03273551_19821
http://a978.ac-images.myspacecdn.com/images01/41/s_4a45bef91df650f4304f8638150cc139.jpg,n03273551_23279
http://lh6.ggpht.com/_wdUc4D8uVOs/SGfWn8kbIkI/AAAAAAAAAOs/OFAsPUHsWY8/Reunion+002.JPG,n03273551_24123
http://static.flickr.com/2002/2186752688_0b82fc8fa8.jpg,n03273551_1222
http://www.nsethnelson.com/images/pictures/StAthenasiusUACOrganF.JPG,n03273551_1469
http://storemusicalinstruments.com/_cache/Keyboard%20Piano/img/Hammond_keyboard_Piano_1.jpg,n03273551_3822
http://i21.ebayimg.com/06/i/000/8c/c4/7966_2.JPG,n03273551_6033
http://www.young-rascals.com/beautyb.jpg,n03273551_7685
http://farm3.static.flickr.com/2188/2077653209_652c20c647.jpg,n03273551_9344
http://www.urbanmusic.com/RT-3.jpg,n03273551_9726
http://static.flickr.com/36/81062334_d0410e4326.jpg,n03273551_10150
http://www.henrishammonds.com/AURORACL1.gif,n03273551_16526
http://theaterorgans.com/hammond/keng/kenhtml/EricLarsonatKen'sHammond.JPG,n03273551_18626
http://www.hammondorgan.co.uk/Don-Airey-launches-new-XK1.jpg,n03273551_19819
http://farm4.static.flickr.com/3090/2687054251_f57232b817.jpg,n03273551_22219
http://farm1.static.flickr.com/170/419517886_b098bc3057.jpg,n03273551_25753
http://farm4.static.flickr.com/3008/2449397586_685521095f.jpg,n03273551_6182
http://farm3.static.flickr.com/2096/2171537908_624db581a2.jpg,n03273551_13936
http://farm3.static.flickr.com/2297/1498855329_43811f3a88.jpg,n03273551_15042
http://farm1.static.flickr.com/33/67149023_f01006efea.jpg,n03273551_15974
http://familytreemaker.genealogy.com/users/s/t/r/Diane-B-Stroud/PHOTO/0044photo.jpg,n03273551_16219
http://farm3.static.flickr.com/2091/1922919896_fb07d8d655.jpg,n03273551_17911
http://farm3.static.flickr.com/2237/1863448752_7c4e8d86cb.jpg,n03273551_19473
http://cdn-www.expertvillage.com/showImage.aspx?site=21&fn=organ-rock-light.jpg,n03273551_24052
http://theatreorgans.com/hammond/keng/kenhtml/hammond%20organ%203.jpg,n03273551_1292
http://www.mr-plastics.com/photos/AcrylicHammond.jpg,n03273551_1434
http://i18.ebayimg.com/07/i/000/ee/f6/dd29_2.JPG,n03273551_6605
http://farm3.static.flickr.com/2340/2249717898_c2ca06bf83.jpg,n03273551_8170
http://www.musik-guenthart.ch/Seite%20Orgelsurium/HammondA102.jpg,n03273551_10441
http://static.flickr.com/147/334671941_30cfc96046.jpg,n03273551_13647
http://farm3.static.flickr.com/2090/2228869329_fcf95e5de3.jpg,n03273551_16936
http://www.musicadventures.com/italy/magazine/newstrumenti/hendry/images/pari.jpg,n03273551_21925
http://www.thecombinationof.com/Studio/images/hammondlamp.jpg,n03273551_22275
http://farm4.static.flickr.com/3021/2296439805_e61cbea4c1.jpg,n03273551_23572
http://www.goffprof.com/images/products/71/71_1_med.jpg,n03273551_23604
http://farm3.static.flickr.com/2394/1682055465_aade6a38bf.jpg,n03273551_5854
http://www.centralmusic.biz/nss-folder/pictures/hammond_photo.jpg,n03273551_10930
http://www.promusic.net/products_images/thumb/058002.jpg,n03273551_21902
http://farm4.static.flickr.com/3021/2595620441_fde48b760b.jpg,n03273551_22454
http://www.jimlaabs.com/ProdImages/organ-hammond-cs-225asm.jpg,n03273551_23619
http://www.mikewatt.com/makingofmiddlestand_shots/pete's-organ-040117.jpg,n03273551_24275
http://farm2.static.flickr.com/1159/659685301_cd696c1ace.jpg,n03273551_24719
http://arkansaspianos.com/organs/images/hammond_c-3.jpg,n03273551_28509
http://farm3.static.flickr.com/2200/2545173403_5e1f6c0b38.jpg,n03273551_786
http://farm1.static.flickr.com/43/81071127_60b26b2470.jpg,n03273551_4010
http://nft.duseknet.com/img/hammond02.jpg,n03273551_11633
http://lh4.ggpht.com/_uCtbKL4yth8/R7PBAMv0BrI/AAAAAAAAAi8/_leOPnRKrsw/DSC00352.JPG,n03273551_15931
http://www.jimlaabs.com/ProdImages/organ-hammond-xh-272asm.jpg,n03273551_18089
http://img.photobucket.com/albums/v193/colette_st_jean/hammondorgan.jpg,n03273551_21986
http://static.flickr.com/228/450191092_35c6a357dd.jpg,n03273551_22036
http://farm1.static.flickr.com/129/391621083_fea2d96337.jpg,n03273551_25242
http://static.flickr.com/2328/2181834757_149d678834.jpg,n03273551_29228
http://www.beatlweb.com/instrumentos/imagenes2/Hammond%20Organ.jpg,n03273551_695
http://farm3.static.flickr.com/2049/2193461338_9b12e59658.jpg,n03273551_1391
http://i12.ebayimg.com/01/i/000/fc/2c/564f_2.JPG,n03273551_2342
http://www.studio92canada.com/images/p_organ_01.jpg,n03273551_3377
http://farm3.static.flickr.com/2380/2479228946_e7033d6395.jpg,n03273551_4865
http://www.miccaclub.com/img/Coach-Organ.jpg,n03273551_9782
http://static.flickr.com/45/140162173_a5132a9a55.jpg,n03273551_12155
http://farm3.static.flickr.com/2418/2498885307_89f0df9156.jpg,n03273551_13550
http://farm3.static.flickr.com/2282/1759815880_ede73b07a3.jpg,n03273551_16215
http://farm1.static.flickr.com/19/100475404_9254fa056b.jpg,n03273551_18772
http://www.b3hammond.com/images/gallery/th_b3-62196-2.jpg,n03273551_23271
http://www.maggiesfarmrecording.com/images/organ.jpg,n03273551_2601
http://www.gakki.com/catalog28/hammond_xb3m.jpg,n03273551_7202
http://farm1.static.flickr.com/171/423223335_b2c0a96501.jpg,n03273551_13922
http://www.keithhollis.com/Images/hammond/b3andguitar.jpg,n03273551_14504
http://www.smctek.com/23%20-%20LeslieAndHammond.jpg,n03273551_15720
http://www.dkimages.com/discover/previews/859/20164232.JPG,n03273551_17689
http://www.floka.com/hammond/ham1.jpg,n03273551_20744
http://farm2.static.flickr.com/1297/1291045564_abd98bee3d.jpg,n03273551_36
http://www.theatreorgans.com/grounds/artists/heid/heid.jpg,n03273551_462
http://www.jonhammondband.com/images/jonhammond2.jpg,n03273551_1095
http://farm1.static.flickr.com/43/81054921_82459ba3c2.jpg,n03273551_1481
http://farm1.static.flickr.com/174/471421325_890eadbe9e.jpg,n03273551_7669
http://farm3.static.flickr.com/2052/2390172977_c89515aa7f.jpg,n03273551_9811
http://farm3.static.flickr.com/2123/2077653205_d40385c594.jpg,n03273551_15568
http://farm1.static.flickr.com/199/516262287_763a716ad7.jpg,n03273551_16711
http://evolution-control.com/trademarkg/images/Travel%20-%20Tours%20-%20Vacations%20-%20Festivals/Museum%20of%20Making%20Music/thumbs/1938%20Hammond%20BC%20Organ%20closeup%20of%20special%20keys.jpg,n03273551_20660
"http://theatreorgans.com/hammond/keng/Kenhtml/Organ,%20Conn%20Classical%2025-Pedal_WEB.jpg",n03273551_22397
http://farm1.static.flickr.com/124/407681767_b6f26dcab6.jpg,n03273551_27181
http://farm1.static.flickr.com/31/53863001_d34c85da9d.jpg,n03273551_923
http://rlsanderslive.com/picts/hammondtall.png,n03273551_4826
http://www.tastierevintage.com/ham33pic.jpg,n03273551_14966
http://www.gakki.com/catalog58/hammond_XB3_5.jpg,n03273551_15900
http://farm3.static.flickr.com/2349/2293589207_1e51dd263f.jpg,n03273551_17447
http://www.b3hammond.com/images/gallery/th_61027-1.jpg,n03273551_24234
http://static.flickr.com/2234/2452575962_1bc2b38c09.jpg,n03273551_27323
http://farm4.static.flickr.com/3156/2629588052_e5b273073a.jpg,n03273551_2375
http://www.retroaudiolab.com/pictures/hammond%20m3.jpg,n03273551_5617
http://static.flickr.com/1134/1357226333_756f392c80.jpg,n03273551_8291
http://www.celestialsounds.net/B-3_mid.jpg,n03273551_8904
http://farm1.static.flickr.com/56/121658779_ffce4f1484.jpg,n03273551_12744
http://mixfoundation.org/hof/hofimages/2006-04-hammond-b3-leslie.jpg,n03273551_21478
http://www.deeppurple.com/deeppurple/CMS/Instruments/pic5-400.jpg,n03273551_27539
http://www.hammondstore.com/images/c3forsale200.jpg,n03273551_28705
http://farm2.static.flickr.com/1034/1397673055_ae4fde5e02.jpg,n03273551_2252
http://farm1.static.flickr.com/2/3615646_98d8943216.jpg,n03273551_11655
http://farm1.static.flickr.com/111/299710645_df708e3769.jpg,n03273551_12326
http://www.xelenio.com/recensioni/b4/immagini/tast.jpg,n03273551_13341
http://www.ginnimusic.com/Photogalleryv3/images/studio/02.jpg,n03273551_18852
http://www.combo-organ.com/AceTone/GT7.jpg,n03273551_19535
http://www.worldtubecompany.com/mm5/graphics/X66.jpg,n03273551_19930
http://farm1.static.flickr.com/112/307254628_50dfbced06.jpg,n03273551_20079
http://www.hammond.de/images/072-hammond-ex-2000e-gebrauchtmarkt.jpg,n03273551_20120
http://farm3.static.flickr.com/2044/2316331435_404d868ba0.jpg,n03273551_21283
http://members.aol.com/fixitbos/my/hammondc3001.jpg,n03273551_22740
http://mmedia.anuntis.com/MEX/2008/05/12/29696225/69478920.jpg,n03273551_23307
http://www.samturton.com/images/drew-keys.jpg,n03273551_27728
http://farm1.static.flickr.com/182/406602590_756a8f092b.jpg,n03273551_3624
http://www.goffprof.com/images/products/263/263_1_sml.jpg,n03273551_7158
http://www.princetonbasketball.com/images/hammond.jpg,n03273551_7843
http://farm1.static.flickr.com/233/448476610_dd9d87393c.jpg,n03273551_15950
http://farm1.static.flickr.com/56/136257266_f9ecb13fed.jpg,n03273551_20751
http://www.ericklopp.com/mt/ekblog/archives/hammond09.jpg,n03273551_28414
http://farm1.static.flickr.com/80/206390312_4256a81584.jpg,n03273551_28701
http://www.retroaudiolab.com/pictures/hammond%203100%20front.jpg,n03273551_5008
http://farm1.static.flickr.com/92/258560145_278a73afb4.jpg,n03273551_14317
http://farm3.static.flickr.com/2290/2316338137_ecf1671d40.jpg,n03273551_15957
http://www.hammondonmymind.dk/billeder/Svinefryd.JPG,n03273551_25627
http://farm1.static.flickr.com/27/89742836_b795b22042.jpg,n03273551_12715
http://i13.ebayimg.com/08/i/000/f7/7f/0c71_2.JPG,n03273551_14972
http://farm4.static.flickr.com/3085/2293589077_8bc6bd657d.jpg,n03273551_15684
http://static.flickr.com/2387/2491638782_6254023e62.jpg,n03273551_18673
http://images2.justlanded.com/it/classifieds/Francia/Compro-e-Vendo_Elettronica/Organo-elettronico-B-755-nuovissimo-19088-1s.jpg,n03273551_21608
http://www.pbs.org/wnet/religionandethics/week213/pics/p_feature_hammond.jpg,n03273551_23214
http://www.hammond.de/images/060-hammond-tx-500-gebrauchtmarkt.jpg,n03273551_23899
http://vintageorgans.com/hammond/cv-bck-2/2.jpg,n03273551_27936
